BE_EBAW	BE_EBAW	:
BE_EBAW	ES_LEAL	51056
BE_EBAW	ES_LEBL	:
BE_EBAW	ES_LELC	:
BE_EBAW	ES_LEMG	45878
BE_EBAW	ES_LEPA	15632
BE_EBAW	IT_LIRF	:
BE_EBAW	MA_GMMW	28538
BE_EBAW	MA_GMTT	18339
BE_EBAW	UK_EGCC	:
BE_EBAW	UK_EGLC	:
BE_EBAW	ZZ_ZZZZ	1976
BE_EBBR	AE_OMAA	166864
BE_EBBR	AE_OMDB	358464
BE_EBBR	AT_LOWW	486177
BE_EBBR	BF_DFFD	85417
BE_EBBR	CA_CYUL	21995
BE_EBBR	CA_CYYZ	100243
BE_EBBR	CH_LSGG	615005
BE_EBBR	CH_LSZH	32427
BE_EBBR	CI_DIAP	7563
BE_EBBR	CM_FKKD	167716
BE_EBBR	CM_FKYS	:
BE_EBBR	CN_ZBAA	12049
BE_EBBR	CZ_LKPR	333833
BE_EBBR	DE_EDDB	164493
BE_EBBR	DE_EDDF	578559
BE_EBBR	DE_EDDH	196919
BE_EBBR	DE_EDDI	:
BE_EBBR	DE_EDDL	:
BE_EBBR	DE_EDDM	439113
BE_EBBR	DE_EDDS	:
BE_EBBR	DE_EDDT	348494
BE_EBBR	DE_EDDV	:
BE_EBBR	DK_EKBI	109108
BE_EBBR	DK_EKCH	478894
BE_EBBR	DO_MDPC	:
BE_EBBR	DO_MDPP	:
BE_EBBR	EG_HECA	:
BE_EBBR	EG_HEGN	125723
BE_EBBR	EG_HESH	:
BE_EBBR	EL_LGAT	:
BE_EBBR	EL_LGAV	273471
BE_EBBR	EL_LGIR	159282
BE_EBBR	EL_LGKO	79854
BE_EBBR	EL_LGKR	:
BE_EBBR	EL_LGRP	81912
BE_EBBR	ES_GCLP	121116
BE_EBBR	ES_GCRR	77432
BE_EBBR	ES_GCTS	270319
BE_EBBR	ES_LEAL	412625
BE_EBBR	ES_LEAM	:
BE_EBBR	ES_LEBB	154677
BE_EBBR	ES_LEBL	952169
BE_EBBR	ES_LEGT	:
BE_EBBR	ES_LEIB	:
BE_EBBR	ES_LEMD	1086037
BE_EBBR	ES_LEMG	528277
BE_EBBR	ES_LEPA	196365
BE_EBBR	ES_LEST	:
BE_EBBR	ES_LEVC	229686
BE_EBBR	ET_HAAB	106622
BE_EBBR	FI_EFHF	:
BE_EBBR	FI_EFHK	231501
BE_EBBR	FR_LFBD	82952
BE_EBBR	FR_LFBO	188527
BE_EBBR	FR_LFLL	261219
BE_EBBR	FR_LFML	152287
BE_EBBR	FR_LFMN	385835
BE_EBBR	FR_LFPG	196534
BE_EBBR	FR_LFRS	86699
BE_EBBR	FR_LFSB	109474
BE_EBBR	FR_LFST	:
BE_EBBR	GH_DGAA	16502
BE_EBBR	GM_GBYD	:
BE_EBBR	HK_VHHH	94352
BE_EBBR	HR_LDZA	119816
BE_EBBR	HU_LHBP	202082
BE_EBBR	IE_EIDW	442004
BE_EBBR	IL_LLBG	280918
BE_EBBR	IL_LLSD	:
BE_EBBR	IN_VABB	:
BE_EBBR	IN_VIDP	:
BE_EBBR	IN_VOMM	:
BE_EBBR	IS_BIKF	105117
BE_EBBR	IT_LICC	:
BE_EBBR	IT_LIMC	430943
BE_EBBR	IT_LIME	:
BE_EBBR	IT_LIMF	:
BE_EBBR	IT_LIML	222103
BE_EBBR	IT_LIPE	:
BE_EBBR	IT_LIPH	:
BE_EBBR	IT_LIPZ	229734
BE_EBBR	IT_LIRA	:
BE_EBBR	IT_LIRF	721051
BE_EBBR	IT_LIRN	77222
BE_EBBR	IT_LIRQ	:
BE_EBBR	JP_RJAA	121043
BE_EBBR	JP_RJTT	:
BE_EBBR	LU_ELLX	:
BE_EBBR	LV_EVRA	99173
BE_EBBR	MA_GMAD	78855
BE_EBBR	MA_GMMN	152998
BE_EBBR	MA_GMMW	:
BE_EBBR	MA_GMMX	122421
BE_EBBR	MA_GMTT	126334
BE_EBBR	MT_LMML	10425
BE_EBBR	NL_EHAM	281812
BE_EBBR	NO_ENFB	:
BE_EBBR	NO_ENGM	295114
BE_EBBR	PL_EPWA	326537
BE_EBBR	PT_LPFR	10116
BE_EBBR	PT_LPPR	348076
BE_EBBR	PT_LPPT	773097
BE_EBBR	QA_OTBD	:
BE_EBBR	QA_OTHH	174134
BE_EBBR	RO_LRBS	:
BE_EBBR	RO_LROP	178637
BE_EBBR	RU_UUDD	:
BE_EBBR	RU_UUEE	283872
BE_EBBR	RW_HRYR	120689
BE_EBBR	SE_ESGG	203331
BE_EBBR	SE_ESHG	:
BE_EBBR	SE_ESSA	157407
BE_EBBR	SE_ESSB	208293
BE_EBBR	SG_WSSS	:
BE_EBBR	SI_LJLJ	:
BE_EBBR	SN_GOOY	:
BE_EBBR	TH_VTBS	14779
BE_EBBR	TN_DTMB	:
BE_EBBR	TN_DTTA	:
BE_EBBR	TN_DTTJ	78204
BE_EBBR	TR_LTAI	362258
BE_EBBR	TR_LTBA	9945
BE_EBBR	TR_LTBJ	87884
BE_EBBR	TR_LTBV	:
BE_EBBR	TR_LTFE	87023
BE_EBBR	TR_LTFJ	:
BE_EBBR	UA_UKBB	156138
BE_EBBR	UG_HUEN	85044
BE_EBBR	UK_EGBB	132236
BE_EBBR	UK_EGCC	277763
BE_EBBR	UK_EGGD	:
BE_EBBR	UK_EGKK	:
BE_EBBR	UK_EGLC	:
BE_EBBR	UK_EGLL	675607
BE_EBBR	UK_EGNM	:
BE_EBBR	UK_EGNT	:
BE_EBBR	UK_EGPF	:
BE_EBBR	UK_EGPH	14667
BE_EBBR	UK_EGSS	:
BE_EBBR	US_KATL	94901
BE_EBBR	US_KBOS	:
BE_EBBR	US_KCVG	:
BE_EBBR	US_KDFW	:
BE_EBBR	US_KEWR	196693
BE_EBBR	US_KIAD	245595
BE_EBBR	US_KJFK	303476
BE_EBBR	US_KLAX	:
BE_EBBR	US_KORD	141028
BE_EBBR	US_KPHL	:
BE_EBBR	US_KSAN	:
BE_EBBR	US_KSFO	:
BE_EBBR	ZA_FAJS	:
BE_EBBR	ZZ_ZZZZ	494311
BE_EBCI	AT_LOWS	:
BE_EBCI	BG_LBSF	169917
BE_EBCI	CZ_LKPR	155214
BE_EBCI	DK_EKCH	118806
BE_EBCI	EL_LGAV	119941
BE_EBCI	EL_LGTS	90995
BE_EBCI	ES_GCTS	136143
BE_EBCI	ES_LEAL	198307
BE_EBCI	ES_LEBL	122079
BE_EBCI	ES_LEGE	78332
BE_EBCI	ES_LEMD	105688
BE_EBCI	ES_LEMG	145145
BE_EBCI	ES_LEPA	:
BE_EBCI	ES_LERS	:
BE_EBCI	ES_LEVC	:
BE_EBCI	ES_LEVD	:
BE_EBCI	ES_LEZG	:
BE_EBCI	ES_LEZL	125189
BE_EBCI	FR_LFBD	83659
BE_EBCI	FR_LFBO	116745
BE_EBCI	FR_LFBP	:
BE_EBCI	FR_LFMK	102675
BE_EBCI	FR_LFML	156454
BE_EBCI	FR_LFMP	:
BE_EBCI	FR_LFMT	:
BE_EBCI	FR_LFTW	939
BE_EBCI	HU_LHBP	340078
BE_EBCI	IE_EIDW	:
BE_EBCI	IE_EINN	:
BE_EBCI	IT_LIBD	75423
BE_EBCI	IT_LICT	:
BE_EBCI	IT_LIEE	:
BE_EBCI	IT_LIME	241195
BE_EBCI	IT_LIPE	133601
BE_EBCI	IT_LIPH	174785
BE_EBCI	IT_LIPK	:
BE_EBCI	IT_LIPZ	:
BE_EBCI	IT_LIRA	182248
BE_EBCI	IT_LIRN	97898
BE_EBCI	IT_LIRP	156092
BE_EBCI	LV_EVRA	:
BE_EBCI	MA_GMFF	81238
BE_EBCI	MA_GMFO	80283
BE_EBCI	MA_GMME	82837
BE_EBCI	MA_GMMN	76037
BE_EBCI	MA_GMMW	92051
BE_EBCI	MA_GMMX	80245
BE_EBCI	MA_GMTT	9643
BE_EBCI	MT_LMML	122286
BE_EBCI	PL_EPKK	108139
BE_EBCI	PL_EPMO	174446
BE_EBCI	PL_EPWA	135967
BE_EBCI	PT_LPFR	9119
BE_EBCI	PT_LPPR	1222
BE_EBCI	PT_LPPT	134077
BE_EBCI	RO_LRBS	:
BE_EBCI	RO_LRCL	75401
BE_EBCI	RO_LROP	271011
BE_EBCI	RO_LRTR	:
BE_EBCI	SE_ESKN	:
BE_EBCI	SI_LJLJ	:
BE_EBCI	TR_LTFJ	214488
BE_EBCI	UK_EGCC	18311
BE_EBCI	UK_EGPH	83406
BE_EBCI	UK_EGPK	:
BE_EBCI	UK_EGSS	:
BE_EBLG	BE_EBBR	:
BE_EBLG	BE_EBOS	:
BE_EBLG	ES_GCLP	15571
BE_EBLG	ES_GCTS	17255
BE_EBLG	ES_LEAL	23572
BE_EBLG	ES_LEMD	:
BE_EBLG	ES_LEMG	18374
BE_EBLG	ES_LEPA	:
BE_EBLG	FR_LFQQ	:
BE_EBLG	IL_LLBG	:
BE_EBLG	RU_UUDD	:
BE_EBLG	RU_UUWW	:
BE_EBLG	TN_DTMB	:
BE_EBLG	TN_DTTJ	:
BE_EBLG	TR_LTAI	:
BE_EBLG	TR_LTAU	21103
BE_EBLG	TR_LTBJ	:
BE_EBLG	TR_LTFE	:
BE_EBLG	XK_LYPR	:
BE_EBLG	ZZ_ZZZZ	:
BE_EBOS	BE_EBLG	:
BE_EBOS	EG_HEGN	16351
BE_EBOS	EG_HESH	1672
BE_EBOS	ES_GCLP	19374
BE_EBOS	ES_GCTS	49133
BE_EBOS	ES_LEAL	81245
BE_EBOS	ES_LEBL	:
BE_EBOS	ES_LEMG	75437
BE_EBOS	ES_LEPA	2553
BE_EBOS	IT_LIRF	:
BE_EBOS	TR_LTAI	18181
BE_EBOS	TR_LTBY	25056
BE_EBOS	ZZ_ZZZZ	:
BG_LBSF	AT_LOWW	34817
BG_LBSF	BE_EBBR	:
BG_LBSF	BE_EBCI	172162
BG_LBSF	BG_LBBG	:
BG_LBSF	BG_LBWN	264377
BG_LBSF	CH_LSZH	:
BG_LBSF	CY_LCLK	103678
BG_LBSF	CZ_LKPR	:
BG_LBSF	DE_EDDB	112936
BG_LBSF	DE_EDDF	464383
BG_LBSF	DE_EDDK	:
BG_LBSF	DE_EDDM	261595
BG_LBSF	DE_EDDT	:
BG_LBSF	DE_EDFH	:
BG_LBSF	DE_EDJA	102345
BG_LBSF	DE_EDLW	118374
BG_LBSF	EL_LGAV	235141
BG_LBSF	ES_LEBL	18043
BG_LBSF	ES_LEMD	182914
BG_LBSF	ES_LEVC	:
BG_LBSF	FR_LFOB	82012
BG_LBSF	FR_LFPG	124976
BG_LBSF	HU_LHBP	:
BG_LBSF	IL_LLBG	277448
BG_LBSF	IT_LIMC	:
BG_LBSF	IT_LIME	222271
BG_LBSF	IT_LIPE	:
BG_LBSF	IT_LIRA	99897
BG_LBSF	IT_LIRF	126887
BG_LBSF	MT_LMML	:
BG_LBSF	NL_EHAM	134637
BG_LBSF	NL_EHEH	141814
BG_LBSF	PL_EPWA	107005
BG_LBSF	QA_OTHH	93342
BG_LBSF	RO_LROP	:
BG_LBSF	RS_LYBE	:
BG_LBSF	RU_UUEE	122106
BG_LBSF	TR_LTAI	:
BG_LBSF	TR_LTBA	:
BG_LBSF	UK_EGBB	:
BG_LBSF	UK_EGCC	75062
BG_LBSF	UK_EGGW	336347
BG_LBSF	UK_EGKK	130235
BG_LBSF	UK_EGLL	177883
BG_LBSF	UK_EGSS	274873
CZ_LKMT	AT_LO99	:
CZ_LKMT	BG_LB99	4824
CZ_LKMT	CZ_LK99	:
CZ_LKMT	EG_HE99	37933
CZ_LKMT	EL_LG99	74433
CZ_LKMT	ES_GC99	:
CZ_LKMT	ES_LE99	:
CZ_LKMT	IT_LI99	:
CZ_LKMT	SE_ES99	:
CZ_LKMT	TN_DT99	2126
CZ_LKMT	TR_LT99	59395
CZ_LKMT	UK_EG99	553
CZ_LKPR	AE_OM99	523752
CZ_LKPR	AT_LO99	182647
CZ_LKPR	BE_EB99	489927
CZ_LKPR	BG_LB99	254985
CZ_LKPR	BY_UM99	:
CZ_LKPR	CA_C999	:
CZ_LKPR	CH_LS99	345466
CZ_LKPR	CN_ZB99	139917
CZ_LKPR	CY_LC99	:
CZ_LKPR	CZ_LK99	:
CZ_LKPR	DE_ED99	1143153
CZ_LKPR	DK_EK99	382252
CZ_LKPR	EE_EE99	:
CZ_LKPR	EG_HE99	460061
CZ_LKPR	EL_LG99	738267
CZ_LKPR	ES_GC99	96493
CZ_LKPR	ES_LE99	1132069
CZ_LKPR	FI_EF99	311618
CZ_LKPR	FR_LF99	1246766
CZ_LKPR	HR_LD99	124531
CZ_LKPR	HU_LH99	233503
CZ_LKPR	IE_EI99	211542
CZ_LKPR	IL_LL99	395496
CZ_LKPR	IT_LI99	1465505
CZ_LKPR	KR_RK99	193039
CZ_LKPR	LT_EY99	:
CZ_LKPR	LV_EV99	109648
CZ_LKPR	NL_EH99	897667
CZ_LKPR	NO_EN99	162066
CZ_LKPR	PL_EP99	282489
CZ_LKPR	PT_LP99	172017
CZ_LKPR	RO_LR99	104756
CZ_LKPR	RU_UL99	188028
CZ_LKPR	RU_US99	75612
CZ_LKPR	RU_UU99	847437
CZ_LKPR	RU_UW99	:
CZ_LKPR	SE_ES99	303964
CZ_LKPR	SK_LZ99	:
CZ_LKPR	TN_DT99	177146
CZ_LKPR	TR_LT99	765405
CZ_LKPR	UA_UK99	264972
CZ_LKPR	UK_EG99	2169147
CZ_LKPR	US_K999	193694
CZ_LKPR	ZZ_ZZZZ	:
DE_EDDB	AE_OMAA	:
DE_EDDB	AE_OMDB	:
DE_EDDB	AT_LOWW	:
DE_EDDB	BE_EBBR	163646
DE_EDDB	BG_LBBG	:
DE_EDDB	BG_LBSF	111183
DE_EDDB	BG_LBWN	:
DE_EDDB	CA_CYQX	:
DE_EDDB	CA_CYTZ	:
DE_EDDB	CH_LSGG	189837
DE_EDDB	CH_LSZH	:
DE_EDDB	CH_LSZM	161726
DE_EDDB	CU_MUVR	:
DE_EDDB	CY_LCLK	:
DE_EDDB	DE_ED99	:
DE_EDDB	DE_EDDF	:
DE_EDDB	DE_EDDH	:
DE_EDDB	DE_EDDK	118136
DE_EDDB	DE_EDDL	:
DE_EDDB	DE_EDDM	:
DE_EDDB	DE_EDDN	:
DE_EDDB	DE_EDDP	:
DE_EDDB	DE_EDDS	:
DE_EDDB	DE_EDFH	:
DE_EDDB	DE_EDLV	:
DE_EDDB	DE_EDRZ	:
DE_EDDB	DE_EDVV	:
DE_EDDB	DK_EKCH	280073
DE_EDDB	DO_MD99	:
DE_EDDB	DO_MDPC	:
DE_EDDB	DO_MDPP	:
DE_EDDB	EG_HECA	:
DE_EDDB	EG_HEGN	:
DE_EDDB	EL_LGAT	:
DE_EDDB	EL_LGAV	181313
DE_EDDB	EL_LGIR	:
DE_EDDB	EL_LGRD	:
DE_EDDB	EL_LGTS	193623
DE_EDDB	ES_GCFV	:
DE_EDDB	ES_GCLP	:
DE_EDDB	ES_GCRR	:
DE_EDDB	ES_GCTS	92346
DE_EDDB	ES_GCXO	:
DE_EDDB	ES_LE99	:
DE_EDDB	ES_LEBL	483754
DE_EDDB	ES_LECP	:
DE_EDDB	ES_LEIB	:
DE_EDDB	ES_LEMD	19143
DE_EDDB	ES_LEMG	188826
DE_EDDB	ES_LEPA	276963
DE_EDDB	FR_LFBO	:
DE_EDDB	FR_LFMN	107065
DE_EDDB	FR_LFPG	114666
DE_EDDB	FR_LFPO	:
DE_EDDB	HU_LHBP	283273
DE_EDDB	IE_EIDW	194211
DE_EDDB	IL_LLBG	277381
DE_EDDB	IS_BIKF	:
DE_EDDB	IT_LICC	80397
DE_EDDB	IT_LIMC	169351
DE_EDDB	IT_LIME	239781
DE_EDDB	IT_LIML	:
DE_EDDB	IT_LIPE	126154
DE_EDDB	IT_LIPH	115821
DE_EDDB	IT_LIPZ	:
DE_EDDB	IT_LIRA	245235
DE_EDDB	IT_LIRF	:
DE_EDDB	IT_LIRN	106351
DE_EDDB	IT_LIRP	94485
DE_EDDB	KE_HKMO	:
DE_EDDB	LV_EVRA	123956
DE_EDDB	MA_GMAA	:
DE_EDDB	MT_LMML	:
DE_EDDB	NL_EHAM	317117
DE_EDDB	NL_EHBK	:
DE_EDDB	NL_EHRD	:
DE_EDDB	NO_ENGM	309566
DE_EDDB	NO_ENOS	:
DE_EDDB	PL_EPWA	:
DE_EDDB	PT_LPFR	:
DE_EDDB	PT_LPPT	185933
DE_EDDB	RO_LRBB	:
DE_EDDB	RO_LROP	169742
DE_EDDB	RU_ULLI	140805
DE_EDDB	RU_UU90	:
DE_EDDB	RU_UUEE	431011
DE_EDDB	SE_ESKN	:
DE_EDDB	SE_ESSA	165007
DE_EDDB	SG_WSSS	:
DE_EDDB	SK_LZIB	:
DE_EDDB	TN_DTMB	:
DE_EDDB	TN_DTTA	:
DE_EDDB	TN_DTTJ	:
DE_EDDB	TR_LTAC	:
DE_EDDB	TR_LTAI	255559
DE_EDDB	TR_LTBA	:
DE_EDDB	TR_LTBJ	:
DE_EDDB	TR_LTBS	:
DE_EDDB	TR_LTFJ	242346
DE_EDDB	UK_EG90	:
DE_EDDB	UK_EGCC	183265
DE_EDDB	UK_EGGD	98351
DE_EDDB	UK_EGGP	:
DE_EDDB	UK_EGGW	182706
DE_EDDB	UK_EGKK	201846
DE_EDDB	UK_EGNT	:
DE_EDDB	UK_EGNX	:
DE_EDDB	UK_EGPF	843
DE_EDDB	UK_EGPH	102281
DE_EDDB	UK_EGSS	452065
DK_EKCH	AE_OMDB	330579
DK_EKCH	AT_LO99	:
DK_EKCH	AT_LOWW	456143
DK_EKCH	BE_EB99	:
DK_EKCH	BE_EBBR	478974
DK_EKCH	BE_EBCI	117777
DK_EKCH	CA_CYYZ	169585
DK_EKCH	CH_LS99	:
DK_EKCH	CH_LSGG	227425
DK_EKCH	CH_LSZH	515266
DK_EKCH	CN_ZB99	:
DK_EKCH	CN_ZBAA	189228
DK_EKCH	CN_ZSPD	128995
DK_EKCH	CY_LCLK	:
DK_EKCH	CZ_LK99	:
DK_EKCH	CZ_LKLT	:
DK_EKCH	CZ_LKPR	346728
DK_EKCH	DE_ED99	:
DK_EKCH	DE_EDBB	:
DK_EKCH	DE_EDDB	281674
DK_EKCH	DE_EDDF	663815
DK_EKCH	DE_EDDH	185417
DK_EKCH	DE_EDDI	:
DK_EKCH	DE_EDDK	89914
DK_EKCH	DE_EDDL	327358
DK_EKCH	DE_EDDM	514015
DK_EKCH	DE_EDDS	174459
DK_EKCH	DE_EDDT	347666
DK_EKCH	DE_EDDV	:
DK_EKCH	DE_EDVV	:
DK_EKCH	DK_EK99	:
DK_EKCH	DK_EKAH	180509
DK_EKCH	DK_EKBI	114606
DK_EKCH	DK_EKEB	:
DK_EKCH	DK_EKKA	110981
DK_EKCH	DK_EKOD	:
DK_EKCH	DK_EKRN	219199
DK_EKCH	DK_EKSB	:
DK_EKCH	DK_EKSP	:
DK_EKCH	DK_EKVG	302037
DK_EKCH	EE_EE99	:
DK_EKCH	EE_EETN	117021
DK_EKCH	EG_HEGN	75488
DK_EKCH	EG_HESH	:
DK_EKCH	EL_LG99	:
DK_EKCH	EL_LGAT	:
DK_EKCH	EL_LGAV	223917
DK_EKCH	EL_LGRP	86141
DK_EKCH	EL_LGSA	163766
DK_EKCH	ES_GC99	:
DK_EKCH	ES_GCGC	:
DK_EKCH	ES_GCLP	216496
DK_EKCH	ES_GCTS	13339
DK_EKCH	ES_LE99	:
DK_EKCH	ES_LEAL	249634
DK_EKCH	ES_LEBL	444783
DK_EKCH	ES_LEMD	308156
DK_EKCH	ES_LEMG	523523
DK_EKCH	ES_LEPA	317541
DK_EKCH	FI_EF99	:
DK_EKCH	FI_EFHK	859564
DK_EKCH	FR_LF99	:
DK_EKCH	FR_LFMN	289871
DK_EKCH	FR_LFPG	778548
DK_EKCH	FR_LFPO	108473
DK_EKCH	FR_LFSB	107432
DK_EKCH	GL_BG99	:
DK_EKCH	GL_BGSF	134398
DK_EKCH	HK_VH99	:
DK_EKCH	HK_VHHH	103756
DK_EKCH	HR_LDSP	105435
DK_EKCH	HR_LDZA	:
DK_EKCH	HU_LH99	:
DK_EKCH	HU_LHBP	231403
DK_EKCH	IE_EI99	:
DK_EKCH	IE_EIDW	26468
DK_EKCH	IL_LL99	:
DK_EKCH	IL_LLBG	:
DK_EKCH	IN_VIDP	82214
DK_EKCH	IS_BI99	:
DK_EKCH	IS_BIKF	536167
DK_EKCH	IT_LI91	:
DK_EKCH	IT_LI99	:
DK_EKCH	IT_LIMC	36557
DK_EKCH	IT_LIME	19548
DK_EKCH	IT_LIML	:
DK_EKCH	IT_LIPE	143268
DK_EKCH	IT_LIPZ	93307
DK_EKCH	IT_LIRA	11458
DK_EKCH	IT_LIRF	290613
DK_EKCH	JP_RJ99	:
DK_EKCH	JP_RJAA	140842
DK_EKCH	LT_EYKA	121299
DK_EKCH	LT_EYPA	76649
DK_EKCH	LT_EYVI	119933
DK_EKCH	LU_ELLX	80512
DK_EKCH	LV_EV99	:
DK_EKCH	LV_EVRA	221903
DK_EKCH	NL_EH99	:
DK_EKCH	NL_EHAM	1109796
DK_EKCH	NL_EHEH	:
DK_EKCH	NO_EN99	:
DK_EKCH	NO_ENBR	435006
DK_EKCH	NO_ENCN	78666
DK_EKCH	NO_ENFB	:
DK_EKCH	NO_ENGM	1494157
DK_EKCH	NO_ENTO	:
DK_EKCH	NO_ENVA	12826
DK_EKCH	NO_ENZV	296244
DK_EKCH	PL_EP99	:
DK_EKCH	PL_EPGD	197061
DK_EKCH	PL_EPKK	138332
DK_EKCH	PL_EPWA	299725
DK_EKCH	PT_LP99	:
DK_EKCH	PT_LPPT	214517
DK_EKCH	QA_OTBD	400021
DK_EKCH	RU_UU99	:
DK_EKCH	RU_UUEE	145524
DK_EKCH	SE_ES99	:
DK_EKCH	SE_ESGG	278024
DK_EKCH	SE_ESGJ	:
DK_EKCH	SE_ESOW	:
DK_EKCH	SE_ESSA	1397474
DK_EKCH	SE_ESSP	:
DK_EKCH	SE_ESSQ	:
DK_EKCH	SG_WSSS	124535
DK_EKCH	TH_VT99	:
DK_EKCH	TH_VTBD	:
DK_EKCH	TH_VTBS	261593
DK_EKCH	TR_LT99	:
DK_EKCH	TR_LTAI	186404
DK_EKCH	TR_LTBA	30747
DK_EKCH	TR_LTFJ	187955
DK_EKCH	UA_UKBB	88183
DK_EKCH	UK_EG99	:
DK_EKCH	UK_EGBB	80043
DK_EKCH	UK_EGCC	330226
DK_EKCH	UK_EGGW	111071
DK_EKCH	UK_EGKK	771082
DK_EKCH	UK_EGLL	947378
DK_EKCH	UK_EGPH	21904
DK_EKCH	UK_EGSS	384649
DK_EKCH	US_K999	:
DK_EKCH	US_KATL	:
DK_EKCH	US_KBOS	75256
DK_EKCH	US_KEWR	232599
DK_EKCH	US_KIAD	13749
DK_EKCH	US_KJFK	127479
DK_EKCH	US_KLAX	:
DK_EKCH	US_KORD	141641
DK_EKCH	US_KSEA	:
DK_EKCH	US_KSFO	14764
DK_EKKA	DK_EKCH	110855
DK_EKRN	DK_EKCH	205182
DK_EKYT	DE_EDDF	:
DK_EKYT	DK_EKBI	:
DK_EKYT	DK_EKCH	774215
DK_EKYT	EL_LGRP	:
DK_EKYT	EL_LGSA	2608
DK_EKYT	ES_GCLP	38014
DK_EKYT	ES_GCTS	:
DK_EKYT	ES_LEMG	69933
DK_EKYT	ES_LEPA	37783
DK_EKYT	FR_LFPO	:
DK_EKYT	NL_EHAM	232975
DK_EKYT	NO_ENGM	28402
DK_EKYT	TR_LTAI	44377
DK_EKYT	TR_LTBA	:
DK_EKYT	UK_EGKK	:
DK_EKYT	UK_EGSS	51917
EE_EETN	AT_LOWW	47051
EE_EETN	BE_EBBR	66103
EE_EETN	BG_LBWN	:
EE_EETN	CZ_LKPR	:
EE_EETN	DE_EDDB	63869
EE_EETN	DE_EDDF	281546
EE_EETN	DE_EDDH	:
EE_EETN	DE_EDDM	:
EE_EETN	DE_EDDT	:
EE_EETN	DE_EDDW	:
EE_EETN	DE_EDFH	:
EE_EETN	DE_EDLV	:
EE_EETN	DK_EKCH	116675
EE_EETN	EG_HEGN	51423
EE_EETN	EG_HESH	:
EE_EETN	EL_LGIR	:
EE_EETN	ES_GCTS	:
EE_EETN	ES_LEBL	:
EE_EETN	ES_LEGE	:
EE_EETN	FI_EFHK	295711
EE_EETN	FR_LFPG	:
EE_EETN	IE_EIDW	:
EE_EETN	IT_LIMC	:
EE_EETN	IT_LIME	55533
EE_EETN	LT_EYVI	89633
EE_EETN	LV_EVRA	289461
EE_EETN	NL_EHAM	81835
EE_EETN	NO_ENGM	127537
EE_EETN	NO_ENRY	:
EE_EETN	PL_EPWA	190996
EE_EETN	RU_ULLI	:
EE_EETN	RU_UUEE	122284
EE_EETN	SE_ESKN	:
EE_EETN	SE_ESSA	288695
EE_EETN	SE_ESSB	:
EE_EETN	TR_LTAI	113477
EE_EETN	TR_LTBA	:
EE_EETN	UA_UKBB	:
EE_EETN	UK_EGCC	:
EE_EETN	UK_EGGP	:
EE_EETN	UK_EGGW	:
EE_EETN	UK_EGKK	77702
EE_EETN	UK_EGNX	:
EE_EETN	UK_EGPH	:
EE_EETN	UK_EGSS	69616
EL_LGAV	AE_OMAA	304302
EL_LGAV	AE_OMDB	614458
EL_LGAV	AL_LATI	24808
EL_LGAV	AT_LOWW	655018
EL_LGAV	BE_EBBR	54708
EL_LGAV	BE_EBCI	238772
EL_LGAV	BG_LBSF	471874
EL_LGAV	BH_OBBI	89344
EL_LGAV	CA_CYUL	27583
EL_LGAV	CA_CYYZ	31667
EL_LGAV	CH_LSGG	427806
EL_LGAV	CH_LSZH	995028
EL_LGAV	CY_LCLK	2221212
EL_LGAV	CY_LCPH	:
EL_LGAV	CZ_LKPR	21865
EL_LGAV	DE_EDBB	:
EL_LGAV	DE_EDDB	36378
EL_LGAV	DE_EDDF	1235768
EL_LGAV	DE_EDDH	16069
EL_LGAV	DE_EDDL	31388
EL_LGAV	DE_EDDM	1046122
EL_LGAV	DE_EDDS	15179
EL_LGAV	DE_EDDT	359124
EL_LGAV	DK_EKCH	444808
EL_LGAV	EG_HECA	58102
EL_LGAV	EL_LGAL	471886
EL_LGAV	EL_LGHI	388684
EL_LGAV	EL_LGIO	208342
EL_LGAV	EL_LGIR	2017192
EL_LGAV	EL_LGKO	498336
EL_LGAV	EL_LGKR	663394
EL_LGAV	EL_LGKV	133534
EL_LGAV	EL_LGLM	145312
EL_LGAV	EL_LGMK	98127
EL_LGAV	EL_LGMT	562838
EL_LGAV	EL_LGPA	404492
EL_LGAV	EL_LGRP	1240452
EL_LGAV	EL_LGSA	1120938
EL_LGAV	EL_LGSM	280848
EL_LGAV	EL_LGSR	2396292
EL_LGAV	EL_LGTS	2709784
EL_LGAV	EL_LGZA	179958
EL_LGAV	ES_LEBL	728748
EL_LGAV	ES_LEMD	760966
EL_LGAV	FR_LFPG	1370172
EL_LGAV	FR_LFPO	439094
EL_LGAV	HU_LHBP	416036
EL_LGAV	IE_EIDW	201682
EL_LGAV	IL_LLBG	1033342
EL_LGAV	IT_LIMC	598422
EL_LGAV	IT_LIME	291318
EL_LGAV	IT_LIML	:
EL_LGAV	IT_LIRA	456586
EL_LGAV	IT_LIRF	1191390
EL_LGAV	LB_OLBA	326472
EL_LGAV	NL_EHAM	997096
EL_LGAV	PL_EPMO	208082
EL_LGAV	PL_EPWA	205446
EL_LGAV	QA_OTBD	:
EL_LGAV	RO_LRBB	:
EL_LGAV	RO_LROP	658744
EL_LGAV	RS_LYBE	325196
EL_LGAV	RU_UUDD	194536
EL_LGAV	RU_UUEE	40469
EL_LGAV	RU_UUUU	:
EL_LGAV	SE_ESSA	268752
EL_LGAV	TH_VTBD	:
EL_LGAV	TR_LTBA	68935
EL_LGAV	TR_LTFJ	256422
EL_LGAV	UA_UKBB	294432
EL_LGAV	UK_EGCC	223358
EL_LGAV	UK_EGGW	48655
EL_LGAV	UK_EGKK	451394
EL_LGAV	UK_EGLC	:
EL_LGAV	UK_EGLL	1486146
EL_LGAV	UK_EGSS	386914
EL_LGAV	US_KEWR	508652
EL_LGAV	US_KJFK	424846
EL_LGAV	US_KPHL	149394
ES_LEBL	AE_OMDB	528065
ES_LEBL	AR_SAEZ	200821
ES_LEBL	AT_LOWW	641536
ES_LEBL	BE_EBBR	951486
ES_LEBL	BE_EBCI	122343
ES_LEBL	BG_LBSF	175278
ES_LEBL	BR_SBGL	:
ES_LEBL	BR_SBGR	177279
ES_LEBL	CA_CYUL	147765
ES_LEBL	CA_CYYZ	191264
ES_LEBL	CH_LSGG	643572
ES_LEBL	CH_LSZH	659996
ES_LEBL	CH_LSZM	:
ES_LEBL	CN_ZBAA	7989
ES_LEBL	CO_SKBO	180859
ES_LEBL	CR_MRPV	:
ES_LEBL	CU_MU99	:
ES_LEBL	CU_MUVR	:
ES_LEBL	CZ_LKAA	:
ES_LEBL	CZ_LKPR	440409
ES_LEBL	DE_ED90	:
ES_LEBL	DE_EDDB	485872
ES_LEBL	DE_EDDF	1037216
ES_LEBL	DE_EDDH	289907
ES_LEBL	DE_EDDK	27527
ES_LEBL	DE_EDDL	336742
ES_LEBL	DE_EDDM	891315
ES_LEBL	DE_EDDS	27742
ES_LEBL	DE_EDDT	163486
ES_LEBL	DE_EDDV	80329
ES_LEBL	DE_EDLV	:
ES_LEBL	DE_EDLW	:
ES_LEBL	DE_EDVV	:
ES_LEBL	DE_ETOC	:
ES_LEBL	DK_EKCH	444367
ES_LEBL	DZ_DAAG	192657
ES_LEBL	EG_HECA	:
ES_LEBL	EL_LGAT	:
ES_LEBL	EL_LGAV	366271
ES_LEBL	ES_GCFV	171065
ES_LEBL	ES_GCLP	510603
ES_LEBL	ES_GCRR	172698
ES_LEBL	ES_GCTS	103339
ES_LEBL	ES_GCXO	570058
ES_LEBL	ES_LEAL	449095
ES_LEBL	ES_LEAM	118135
ES_LEBL	ES_LEAS	29027
ES_LEBL	ES_LEBB	622601
ES_LEBL	ES_LECO	323189
ES_LEBL	ES_LEGR	489536
ES_LEBL	ES_LEIB	1206304
ES_LEBL	ES_LEJR	186035
ES_LEBL	ES_LEMD	2572844
ES_LEBL	ES_LEMG	848962
ES_LEBL	ES_LEMH	837792
ES_LEBL	ES_LEPA	2173938
ES_LEBL	ES_LEPP	:
ES_LEBL	ES_LESO	123438
ES_LEBL	ES_LEST	423946
ES_LEBL	ES_LEVC	85247
ES_LEBL	ES_LEVD	169375
ES_LEBL	ES_LEVX	196182
ES_LEBL	ES_LEXJ	197452
ES_LEBL	ES_LEZL	1045029
ES_LEBL	FI_EFHF	:
ES_LEBL	FI_EFHK	333106
ES_LEBL	FR_LF90	:
ES_LEBL	FR_LFBD	21889
ES_LEBL	FR_LFLL	303158
ES_LEBL	FR_LFLY	:
ES_LEBL	FR_LFML	114956
ES_LEBL	FR_LFMN	308353
ES_LEBL	FR_LFOB	183978
ES_LEBL	FR_LFPG	1377059
ES_LEBL	FR_LFPO	1148504
ES_LEBL	FR_LFRS	156569
ES_LEBL	FR_LFSB	357708
ES_LEBL	GH_DGAC	:
ES_LEBL	HR_LDDU	7889
ES_LEBL	HU_LHBP	380325
ES_LEBL	IE_EIDW	601527
ES_LEBL	IL_LLBG	431723
ES_LEBL	IS_BIKF	:
ES_LEBL	IS_BITA	:
ES_LEBL	IT_LI90	:
ES_LEBL	IT_LIEE	:
ES_LEBL	IT_LIMC	892415
ES_LEBL	IT_LIME	409319
ES_LEBL	IT_LIMF	205771
ES_LEBL	IT_LIML	:
ES_LEBL	IT_LIPE	389825
ES_LEBL	IT_LIPH	:
ES_LEBL	IT_LIPV	:
ES_LEBL	IT_LIPZ	514281
ES_LEBL	IT_LIRA	:
ES_LEBL	IT_LIRF	1402757
ES_LEBL	IT_LIRN	408217
ES_LEBL	IT_LIRQ	187386
ES_LEBL	LT_EYVI	105989
ES_LEBL	LV_EVRA	103697
ES_LEBL	MA_GMMN	18649
ES_LEBL	MA_GMMW	101725
ES_LEBL	MA_GMMX	193005
ES_LEBL	MA_GMTT	192337
ES_LEBL	MX_MMMX	:
ES_LEBL	NL_EHAM	1384848
ES_LEBL	NL_EHEH	144355
ES_LEBL	NL_EHRD	88873
ES_LEBL	NO_ENGM	257433
ES_LEBL	NO_ENOS	:
ES_LEBL	PL_EPMO	91858
ES_LEBL	PL_EPWA	215463
ES_LEBL	PT_LPPR	692341
ES_LEBL	PT_LPPT	1008134
ES_LEBL	QA_OTBD	:
ES_LEBL	RO_LRBS	:
ES_LEBL	RO_LRCL	99718
ES_LEBL	RO_LROP	334107
ES_LEBL	RU_ULLI	15395
ES_LEBL	RU_UUDD	303024
ES_LEBL	RU_UUEE	483679
ES_LEBL	RU_UUWW	148945
ES_LEBL	SE_ESGG	12375
ES_LEBL	SE_ESKN	:
ES_LEBL	SE_ESSA	297806
ES_LEBL	SG_WSSS	:
ES_LEBL	TN_DTTA	:
ES_LEBL	TR_LTBA	:
ES_LEBL	TR_LTFJ	204135
ES_LEBL	UA_UKBB	294791
ES_LEBL	UK_EG90	:
ES_LEBL	UK_EGAA	:
ES_LEBL	UK_EGBB	242474
ES_LEBL	UK_EGCC	507185
ES_LEBL	UK_EGGD	204912
ES_LEBL	UK_EGGP	233586
ES_LEBL	UK_EGGW	469506
ES_LEBL	UK_EGKK	1587613
ES_LEBL	UK_EGLL	785338
ES_LEBL	UK_EGMC	:
ES_LEBL	UK_EGNM	:
ES_LEBL	UK_EGNT	:
ES_LEBL	UK_EGNX	:
ES_LEBL	UK_EGPF	:
ES_LEBL	UK_EGPH	171739
ES_LEBL	UK_EGPK	:
ES_LEBL	UK_EGSS	520624
ES_LEBL	US_KATL	9906
ES_LEBL	US_KEWR	330897
ES_LEBL	US_KJFK	412394
ES_LEBL	US_KMIA	180226
ES_LEBL	US_KOAK	:
ES_LEBL	US_KPHL	85382
ES_LEMD	AE_OMAA	170517
ES_LEMD	AE_OMDB	506283
ES_LEMD	AR_SACO	124933
ES_LEMD	AR_SAEZ	949116
ES_LEMD	AT_LOWW	564067
ES_LEMD	BE_EBBR	1084818
ES_LEMD	BE_EBCI	105814
ES_LEMD	BG_LBSF	182727
ES_LEMD	BO_SLVR	189653
ES_LEMD	BR_SBFZ	:
ES_LEMD	BR_SBGL	15213
ES_LEMD	BR_SBGR	706846
ES_LEMD	BR_SBSP	:
ES_LEMD	BR_SBSV	78331
ES_LEMD	CA_CYMX	:
ES_LEMD	CA_CYYZ	122334
ES_LEMD	CH_LSGG	584143
ES_LEMD	CH_LSZH	693756
ES_LEMD	CH_LSZM	:
ES_LEMD	CL_SCEL	51656
ES_LEMD	CL_SCSC	:
ES_LEMD	CN_ZBAA	107079
ES_LEMD	CN_ZSPD	184107
ES_LEMD	CO_SKBO	956765
ES_LEMD	CO_SKCL	136453
ES_LEMD	CO_SKED	:
ES_LEMD	CO_SKRG	182076
ES_LEMD	CR_MROC	205117
ES_LEMD	CU_MUHA	529368
ES_LEMD	CZ_LKAA	:
ES_LEMD	CZ_LKPR	31669
ES_LEMD	DE_EDDB	192093
ES_LEMD	DE_EDDF	1080971
ES_LEMD	DE_EDDH	20725
ES_LEMD	DE_EDDK	78497
ES_LEMD	DE_EDDL	487667
ES_LEMD	DE_EDDM	903143
ES_LEMD	DE_EDDS	:
ES_LEMD	DE_EDDT	44269
ES_LEMD	DE_EDFH	:
ES_LEMD	DE_EDLV	:
ES_LEMD	DK_EKCH	323031
ES_LEMD	DO_MD99	:
ES_LEMD	DO_MDCS	:
ES_LEMD	DO_MDPC	253221
ES_LEMD	DO_MDPP	:
ES_LEMD	DO_MDSD	394041
ES_LEMD	DZ_DAAG	97037
ES_LEMD	EC_SEGU	167019
ES_LEMD	EC_SEQU	:
ES_LEMD	EG_HECA	141587
ES_LEMD	EL_LGAT	:
ES_LEMD	EL_LGAV	382781
ES_LEMD	ES_GCFV	35151
ES_LEMD	ES_GCLA	144962
ES_LEMD	ES_GCLP	1659106
ES_LEMD	ES_GCRR	514886
ES_LEMD	ES_GCTS	342418
ES_LEMD	ES_GCXO	1493755
ES_LEMD	ES_GEML	117945
ES_LEMD	ES_LEAL	299447
ES_LEMD	ES_LEAM	210688
ES_LEMD	ES_LEAS	548209
ES_LEMD	ES_LEBB	835731
ES_LEMD	ES_LEBL	2572844
ES_LEMD	ES_LECO	680075
ES_LEMD	ES_LEGE	:
ES_LEMD	ES_LEGR	199065
ES_LEMD	ES_LEIB	836996
ES_LEMD	ES_LEJR	30426
ES_LEMD	ES_LELC	:
ES_LEMD	ES_LEMG	357229
ES_LEMD	ES_LEMH	311628
ES_LEMD	ES_LEPA	1995096
ES_LEMD	ES_LEPP	176997
ES_LEMD	ES_LESO	198456
ES_LEMD	ES_LEST	719692
ES_LEMD	ES_LEVC	338181
ES_LEMD	ES_LEVX	683927
ES_LEMD	ES_LEXJ	271703
ES_LEMD	ES_LEZG	:
ES_LEMD	ES_LEZL	486437
ES_LEMD	FI_EFHK	146862
ES_LEMD	FR_LF90	:
ES_LEMD	FR_LFBD	163504
ES_LEMD	FR_LFBO	298199
ES_LEMD	FR_LFLL	273042
ES_LEMD	FR_LFLY	:
ES_LEMD	FR_LFML	245886
ES_LEMD	FR_LFMN	193486
ES_LEMD	FR_LFOB	91414
ES_LEMD	FR_LFPG	1115987
ES_LEMD	FR_LFPO	1361645
ES_LEMD	FR_LFRS	220044
ES_LEMD	FR_LFSB	176131
ES_LEMD	GQ_FGSL	:
ES_LEMD	GT_MGGT	100928
ES_LEMD	HK_VHHH	163881
ES_LEMD	HU_LHBP	299052
ES_LEMD	IE_EIDW	566385
ES_LEMD	IL_LLBG	568636
ES_LEMD	IT_LI90	:
ES_LEMD	IT_LICC	90668
ES_LEMD	IT_LIMC	747771
ES_LEMD	IT_LIME	316346
ES_LEMD	IT_LIMF	11537
ES_LEMD	IT_LIML	365412
ES_LEMD	IT_LIPE	312967
ES_LEMD	IT_LIPZ	555108
ES_LEMD	IT_LIRA	392729
ES_LEMD	IT_LIRF	1266980
ES_LEMD	IT_LIRN	233298
ES_LEMD	IT_LIRP	122356
ES_LEMD	IT_LIRQ	159818
ES_LEMD	JP_RJAA	133187
ES_LEMD	JP_RJTY	:
ES_LEMD	KR_RKSI	8679
ES_LEMD	LU_ELLX	125767
ES_LEMD	MA_GMME	8117
ES_LEMD	MA_GMMM	:
ES_LEMD	MA_GMMN	257193
ES_LEMD	MA_GMMX	408777
ES_LEMD	MA_GMTT	192144
ES_LEMD	MT_LMML	107642
ES_LEMD	MX_MMMX	8827
ES_LEMD	MX_MMUN	332132
ES_LEMD	NL_EHAM	1144416
ES_LEMD	NL_EHEH	:
ES_LEMD	NO_ENGM	112646
ES_LEMD	PA_MPTO	244206
ES_LEMD	PE_SPIM	:
ES_LEMD	PE_SPLI	:
ES_LEMD	PL_EPMO	86195
ES_LEMD	PL_EPWA	106975
ES_LEMD	PR_TJSJ	:
ES_LEMD	PT_LPPR	970249
ES_LEMD	PT_LPPT	1557459
ES_LEMD	PY_SGAS	:
ES_LEMD	QA_OTBD	:
ES_LEMD	RO_LRBS	:
ES_LEMD	RO_LROP	42766
ES_LEMD	RU_UUDD	:
ES_LEMD	RU_UUEE	26515
ES_LEMD	SE_ESSA	204536
ES_LEMD	SN_GOOY	:
ES_LEMD	TH_VTBD	:
ES_LEMD	TH_VTBS	:
ES_LEMD	TN_DTTA	:
ES_LEMD	TR_LTBA	:
ES_LEMD	TR_LTFJ	108681
ES_LEMD	UK_EG90	:
ES_LEMD	UK_EGBB	127527
ES_LEMD	UK_EGCC	185714
ES_LEMD	UK_EGGD	109209
ES_LEMD	UK_EGGP	83362
ES_LEMD	UK_EGGW	135731
ES_LEMD	UK_EGKK	1033453
ES_LEMD	UK_EGLC	:
ES_LEMD	UK_EGLL	1476034
ES_LEMD	UK_EGPH	174171
ES_LEMD	UK_EGSS	502893
ES_LEMD	US_KATL	136949
ES_LEMD	US_KBOS	179018
ES_LEMD	US_KDFW	243154
ES_LEMD	US_KEWR	171795
ES_LEMD	US_KIAD	:
ES_LEMD	US_KJFK	1030395
ES_LEMD	US_KLAX	216109
ES_LEMD	US_KMCO	:
ES_LEMD	US_KMIA	720623
ES_LEMD	US_KORD	188825
ES_LEMD	US_KPHL	136578
ES_LEMD	US_KSFO	:
ES_LEMD	UY_SUMU	264858
ES_LEMD	VE_SVMI	240672
ES_LEMD	ZA_FAJS	:
IE_EIDW	AE_OMAA	224466
IE_EIDW	AE_OMDB	433224
IE_EIDW	AT_LOWW	220131
IE_EIDW	BE_EBBR	441527
IE_EIDW	BE_EBCI	:
IE_EIDW	CA_CYYZ	359271
IE_EIDW	CH_LSGG	14654
IE_EIDW	CH_LSZH	281793
IE_EIDW	CZ_LKPR	211347
IE_EIDW	DE_EDDB	19559
IE_EIDW	DE_EDDF	761819
IE_EIDW	DE_EDDH	203224
IE_EIDW	DE_EDDK	158021
IE_EIDW	DE_EDDL	234199
IE_EIDW	DE_EDDM	600696
IE_EIDW	DE_EDDT	172315
IE_EIDW	DE_EDFH	:
IE_EIDW	DE_EDSB	:
IE_EIDW	DK_EKCH	264686
IE_EIDW	EL_LGAV	102002
IE_EIDW	ES_GCFV	90583
IE_EIDW	ES_GCLP	151688
IE_EIDW	ES_GCRR	400581
IE_EIDW	ES_GCTS	245918
IE_EIDW	ES_GCXO	:
IE_EIDW	ES_LEAL	268279
IE_EIDW	ES_LEBL	600942
IE_EIDW	ES_LEGE	:
IE_EIDW	ES_LELC	:
IE_EIDW	ES_LEMD	576716
IE_EIDW	ES_LEMG	6575
IE_EIDW	ES_LEPA	201263
IE_EIDW	ES_LERS	136296
IE_EIDW	FI_EFHK	107402
IE_EIDW	FR_LFBT	:
IE_EIDW	FR_LFLL	118699
IE_EIDW	FR_LFMN	17393
IE_EIDW	FR_LFOB	193128
IE_EIDW	FR_LFPG	760333
IE_EIDW	FR_LFPO	9801
IE_EIDW	FR_LFRS	92431
IE_EIDW	HU_LHBP	257693
IE_EIDW	IE_EICK	:
IE_EIDW	IE_EICM	:
IE_EIDW	IE_EIKY	:
IE_EIDW	IE_EINN	:
IE_EIDW	IS_BIKF	146271
IE_EIDW	IT_LIMC	142834
IE_EIDW	IT_LIME	291025
IE_EIDW	IT_LIML	:
IE_EIDW	IT_LIRA	260647
IE_EIDW	IT_LIRF	199417
IE_EIDW	IT_LIRN	152633
IE_EIDW	IT_LIRP	82601
IE_EIDW	LT_EYKA	83822
IE_EIDW	LT_EYVI	:
IE_EIDW	LV_EVRA	151191
IE_EIDW	MT_LMML	81114
IE_EIDW	NL_EHAM	1216326
IE_EIDW	NL_EHEH	111584
IE_EIDW	NO_ENGM	138694
IE_EIDW	NO_ENRY	:
IE_EIDW	NO_ENTO	:
IE_EIDW	PL_EPGD	79422
IE_EIDW	PL_EPKK	178245
IE_EIDW	PL_EPMO	114761
IE_EIDW	PL_EPPO	79556
IE_EIDW	PL_EPWA	:
IE_EIDW	PL_EPWR	96538
IE_EIDW	PT_LPFR	538821
IE_EIDW	PT_LPPT	485649
IE_EIDW	RO_LROP	142947
IE_EIDW	SE_ESSA	15137
IE_EIDW	SK_LZIB	127059
IE_EIDW	TR_LTBA	:
IE_EIDW	UK_EGBB	947507
IE_EIDW	UK_EGCC	1004212
IE_EIDW	UK_EGCN	:
IE_EIDW	UK_EGFF	101994
IE_EIDW	UK_EGGD	422208
IE_EIDW	UK_EGGP	381861
IE_EIDW	UK_EGGW	379267
IE_EIDW	UK_EGHH	:
IE_EIDW	UK_EGHI	130857
IE_EIDW	UK_EGKK	1348342
IE_EIDW	UK_EGLC	462914
IE_EIDW	UK_EGLL	1856475
IE_EIDW	UK_EGNH	:
IE_EIDW	UK_EGNM	299619
IE_EIDW	UK_EGNT	222675
IE_EIDW	UK_EGNV	:
IE_EIDW	UK_EGNX	180873
IE_EIDW	UK_EGPD	:
IE_EIDW	UK_EGPF	500349
IE_EIDW	UK_EGPH	666776
IE_EIDW	UK_EGPK	:
IE_EIDW	UK_EGSS	90722
IE_EIDW	UK_EGTG	:
IE_EIDW	US_KATL	97621
IE_EIDW	US_KBDL	85124
IE_EIDW	US_KBOS	459078
IE_EIDW	US_KEWR	373578
IE_EIDW	US_KIAD	227608
IE_EIDW	US_KJFK	567656
IE_EIDW	US_KLAX	144905
IE_EIDW	US_KMCO	98453
IE_EIDW	US_KORD	487019
IE_EIDW	US_KPHL	24286
IE_EIDW	US_KSFO	180565
CH_LSGG	AE_OMAA	105847
CH_LSGG	AE_OMDB	303409
CH_LSGG	AT_LOWW	28715
CH_LSGG	BE_EBBR	610882
CH_LSGG	CA_CYYZ	12753
CH_LSGG	CH_LSZA	:
CH_LSGG	CH_LSZH	635833
CH_LSGG	CH_LSZM	:
CH_LSGG	CZ_LKPR	:
CH_LSGG	DE_EDDB	189441
CH_LSGG	DE_EDDF	4333
CH_LSGG	DE_EDDH	:
CH_LSGG	DE_EDDL	:
CH_LSGG	DE_EDDM	26207
CH_LSGG	DK_EKCH	225114
CH_LSGG	EL_LGAT	:
CH_LSGG	EL_LGAV	213038
CH_LSGG	ES_LEAL	123247
CH_LSGG	ES_LEBL	637812
CH_LSGG	ES_LEMD	577368
CH_LSGG	ES_LEMG	179697
CH_LSGG	ES_LEPA	177965
CH_LSGG	ES_LEST	9049
CH_LSGG	FI_EFHK	101899
CH_LSGG	FR_LFBD	213985
CH_LSGG	FR_LFBO	123314
CH_LSGG	FR_LFMN	384453
CH_LSGG	FR_LFPG	726257
CH_LSGG	FR_LFPO	33297
CH_LSGG	FR_LFRS	206725
CH_LSGG	HU_LHBP	109901
CH_LSGG	IE_EIDW	145455
CH_LSGG	IL_LLBG	149691
CH_LSGG	IT_LIBR	102989
CH_LSGG	IT_LICC	9916
CH_LSGG	IT_LIMC	:
CH_LSGG	IT_LIPZ	86449
CH_LSGG	IT_LIRA	:
CH_LSGG	IT_LIRF	323046
CH_LSGG	IT_LIRN	96876
CH_LSGG	MA_GMMN	77076
CH_LSGG	MA_GMMX	133638
CH_LSGG	NL_EHAM	70389
CH_LSGG	PL_EPWA	136259
CH_LSGG	PT_LPPR	68028
CH_LSGG	PT_LPPT	620798
CH_LSGG	QA_OTBD	:
CH_LSGG	QA_OTHH	120145
CH_LSGG	RU_UUDD	:
CH_LSGG	RU_UUEE	191676
CH_LSGG	SE_ESSA	107217
CH_LSGG	TN_DTTA	:
CH_LSGG	TN_DTTJ	:
CH_LSGG	TR_LTBA	101724
CH_LSGG	UK_EGBB	108945
CH_LSGG	UK_EGCC	275751
CH_LSGG	UK_EGGD	215205
CH_LSGG	UK_EGGP	133404
CH_LSGG	UK_EGGW	323077
CH_LSGG	UK_EGKK	826792
CH_LSGG	UK_EGLC	191544
CH_LSGG	UK_EGLL	1062610
CH_LSGG	UK_EGNT	:
CH_LSGG	UK_EGNX	:
CH_LSGG	UK_EGPH	191969
CH_LSGG	UK_EGSS	95849
CH_LSGG	US_KEWR	1088
CH_LSGG	US_KIAD	87594
CH_LSGG	US_KJFK	120427
CH_LSGG	XK_LYPR	150455
CH_LSZH	AE_OMAA	160405
CH_LSZH	AE_OMDB	51639
CH_LSZH	AR_SAEZ	:
CH_LSZH	AT_LOWG	:
CH_LSZH	AT_LOWS	:
CH_LSZH	AT_LOWW	936787
CH_LSZH	BE_EBBR	321664
CH_LSZH	BG_LBSF	:
CH_LSZH	BR_SBGL	:
CH_LSZH	BR_SBGR	225113
CH_LSZH	CA_CYMX	:
CH_LSZH	CA_CYUL	144904
CH_LSZH	CA_CYYZ	200818
CH_LSZH	CH_LSZA	:
CH_LSZH	CH_LSZM	:
CH_LSZH	CL_SCEL	:
CH_LSZH	CN_ZBAA	154422
CH_LSZH	CN_ZSPD	135286
CH_LSZH	CY_LCLK	129406
CH_LSZH	CZ_LKPR	263821
CH_LSZH	DE_EDDB	:
CH_LSZH	DE_EDDC	102647
CH_LSZH	DE_EDDF	651241
CH_LSZH	DE_EDDH	692048
CH_LSZH	DE_EDDK	256701
CH_LSZH	DE_EDDL	747922
CH_LSZH	DE_EDDM	374222
CH_LSZH	DE_EDDN	155304
CH_LSZH	DE_EDDS	178121
CH_LSZH	DE_EDDT	1163424
CH_LSZH	DE_EDDV	214555
CH_LSZH	DK_EKCH	511231
CH_LSZH	EG_HECA	:
CH_LSZH	EG_HEGN	171219
CH_LSZH	EG_HESH	:
CH_LSZH	EL_LGAT	:
CH_LSZH	EL_LGAV	496945
CH_LSZH	EL_LGIR	112567
CH_LSZH	EL_LGKO	:
CH_LSZH	EL_LGTS	:
CH_LSZH	ES_GCLP	113785
CH_LSZH	ES_GCTS	107074
CH_LSZH	ES_LEAL	:
CH_LSZH	ES_LEBL	65499
CH_LSZH	ES_LEIB	:
CH_LSZH	ES_LEMD	688631
CH_LSZH	ES_LEMG	282718
CH_LSZH	ES_LEPA	470152
CH_LSZH	ES_LEVC	244311
CH_LSZH	FI_EFHK	206984
CH_LSZH	FR_LFLL	:
CH_LSZH	FR_LFML	:
CH_LSZH	FR_LFMN	286469
CH_LSZH	FR_LFPG	723183
CH_LSZH	FR_LFPO	:
CH_LSZH	GH_DGAA	:
CH_LSZH	HK_VHHH	410095
CH_LSZH	HR_LDZA	103945
CH_LSZH	HU_LHBP	234331
CH_LSZH	IE_EIDW	280365
CH_LSZH	IL_LLBG	455415
CH_LSZH	IN_VABB	146726
CH_LSZH	IN_VIDP	144676
CH_LSZH	IT_LICC	:
CH_LSZH	IT_LIMC	203772
CH_LSZH	IT_LIMF	:
CH_LSZH	IT_LIMJ	:
CH_LSZH	IT_LIML	:
CH_LSZH	IT_LIMM	:
CH_LSZH	IT_LIPE	:
CH_LSZH	IT_LIPZ	239203
CH_LSZH	IT_LIRF	404702
CH_LSZH	IT_LIRN	110455
CH_LSZH	IT_LIRQ	169445
CH_LSZH	JP_RJAA	14237
CH_LSZH	JP_RJBB	:
CH_LSZH	KE_HKJK	11584
CH_LSZH	KR_RKSI	:
CH_LSZH	KR_RKSS	:
CH_LSZH	LK_VCBI	:
CH_LSZH	LU_ELLX	12626
CH_LSZH	LV_EVRA	100963
CH_LSZH	MK_LWSK	143138
CH_LSZH	MT_LMML	115318
CH_LSZH	MY_WMKK	:
CH_LSZH	NL_EHAM	973561
CH_LSZH	NO_ENFB	:
CH_LSZH	NO_ENGM	180961
CH_LSZH	OM_OOMS	280876
CH_LSZH	PK_OPKC	:
CH_LSZH	PL_EPWA	314526
CH_LSZH	PT_LPPR	276485
CH_LSZH	PT_LPPT	486014
CH_LSZH	QA_OTBD	:
CH_LSZH	QA_OTHH	274456
CH_LSZH	RO_LROP	108131
CH_LSZH	RS_LYBE	418746
CH_LSZH	RU_ULLI	90772
CH_LSZH	RU_UUDD	199715
CH_LSZH	RU_UUEE	178225
CH_LSZH	SE_ESSA	398505
CH_LSZH	SG_WSSS	514248
CH_LSZH	SI_LJLJ	87772
CH_LSZH	TH_VTBD	:
CH_LSZH	TH_VTBS	44069
CH_LSZH	TR_LTAI	306753
CH_LSZH	TR_LTBA	89272
CH_LSZH	TR_LTFJ	159309
CH_LSZH	TW_RCTP	:
CH_LSZH	TZ_HTDA	:
CH_LSZH	UA_UKBB	121134
CH_LSZH	UK_EGBB	97976
CH_LSZH	UK_EGCC	144731
CH_LSZH	UK_EGGW	17401
CH_LSZH	UK_EGKK	156444
CH_LSZH	UK_EGLC	430202
CH_LSZH	UK_EGLL	1180347
CH_LSZH	UK_EGSS	:
CH_LSZH	US_KATL	:
CH_LSZH	US_KBOS	190032
CH_LSZH	US_KCVG	:
CH_LSZH	US_KDEN	:
CH_LSZH	US_KDFW	:
CH_LSZH	US_KEWR	284994
CH_LSZH	US_KIAD	130329
CH_LSZH	US_KJFK	431843
CH_LSZH	US_KLAX	221531
CH_LSZH	US_KMIA	244999
CH_LSZH	US_KORD	214671
CH_LSZH	US_KPHL	101598
CH_LSZH	US_KSAN	:
CH_LSZH	US_KSFO	279848
CH_LSZH	XK_LYPR	369126
CH_LSZH	ZA_FACT	:
CH_LSZH	ZA_FAJS	:
CH_LSZH	ZA_FAOR	145191
FR_LFPG	AE_OMAA	533516
FR_LFPG	AE_OMAD	:
FR_LFPG	AE_OMDB	1185762
FR_LFPG	AN_TNCM	97861
FR_LFPG	AR_SAEZ	196156
FR_LFPG	AT_LOWW	942748
FR_LFPG	BE_EBBR	193727
FR_LFPG	BF_DFFD	:
FR_LFPG	BG_LBSF	124175
FR_LFPG	BH_OBBI	:
FR_LFPG	BJ_DBBB	80629
FR_LFPG	BR_SBCF	:
FR_LFPG	BR_SBGL	275926
FR_LFPG	BR_SBGR	625153
FR_LFPG	BR_SBSP	:
FR_LFPG	CA_CYMX	:
FR_LFPG	CA_CYUL	1247212
FR_LFPG	CA_CYVR	169452
FR_LFPG	CA_CYYZ	564303
FR_LFPG	CG_FCBB	:
FR_LFPG	CG_FCPP	:
FR_LFPG	CH_LSGG	727138
FR_LFPG	CH_LSZH	723912
FR_LFPG	CH_LSZM	145705
FR_LFPG	CI_DIAP	264724
FR_LFPG	CL_SCEL	243919
FR_LFPG	CM_FKKD	140411
FR_LFPG	CM_FKYS	10176
FR_LFPG	CN_ZBAA	682062
FR_LFPG	CN_ZGGG	214521
FR_LFPG	CN_ZSPD	97147
FR_LFPG	CN_ZSSS	:
FR_LFPG	CO_SKBO	179649
FR_LFPG	CU_MUHA	329364
FR_LFPG	CY_LCLK	:
FR_LFPG	CZ_LKPR	738206
FR_LFPG	DE_EDDF	1042112
FR_LFPG	DE_EDDH	465252
FR_LFPG	DE_EDDK	:
FR_LFPG	DE_EDDL	464579
FR_LFPG	DE_EDDM	1014392
FR_LFPG	DE_EDDN	167841
FR_LFPG	DE_EDDS	166573
FR_LFPG	DE_EDDT	86442
FR_LFPG	DE_EDDV	160227
FR_LFPG	DE_EDDW	:
FR_LFPG	DE_EDLW	:
FR_LFPG	DE_EDVV	:
FR_LFPG	DK_EKBI	90892
FR_LFPG	DK_EKCH	773951
FR_LFPG	DK_EKRK	:
FR_LFPG	DO_MDPC	291378
FR_LFPG	DO_MDSD	:
FR_LFPG	DZ_DAAG	881609
FR_LFPG	DZ_DAOO	170935
FR_LFPG	EG_HECA	412118
FR_LFPG	EG_HEGN	:
FR_LFPG	EG_HELX	:
FR_LFPG	EL_LGAT	:
FR_LFPG	EL_LGAV	685535
FR_LFPG	EL_LGIR	173176
FR_LFPG	ES_GCFV	87446
FR_LFPG	ES_GCXO	:
FR_LFPG	ES_LEAL	:
FR_LFPG	ES_LEBB	312469
FR_LFPG	ES_LEBL	1385303
FR_LFPG	ES_LEMD	1108578
FR_LFPG	ES_LEMG	476316
FR_LFPG	ES_LEPA	209567
FR_LFPG	ES_LEVC	289543
FR_LFPG	ES_LEVX	:
FR_LFPG	ES_LEZL	203534
FR_LFPG	ET_HAAB	203325
FR_LFPG	FI_EFHF	:
FR_LFPG	FI_EFHK	490045
FR_LFPG	FR_FMCZ	:
FR_LFPG	FR_FMEE	377259
FR_LFPG	FR_LFBD	653629
FR_LFPG	FR_LFBO	1004435
FR_LFPG	FR_LFBP	177181
FR_LFPG	FR_LFBZ	266444
FR_LFPG	FR_LFKB	:
FR_LFPG	FR_LFKJ	107981
FR_LFPG	FR_LFLC	175896
FR_LFPG	FR_LFLL	556399
FR_LFPG	FR_LFML	684177
FR_LFPG	FR_LFMN	1132271
FR_LFPG	FR_LFMT	427061
FR_LFPG	FR_LFRB	268435
FR_LFPG	FR_LFRN	148969
FR_LFPG	FR_LFRS	467638
FR_LFPG	FR_LFSB	:
FR_LFPG	FR_LFST	:
FR_LFPG	FR_LFTW	:
FR_LFPG	FR_TFFF	:
FR_LFPG	FR_TFFR	:
FR_LFPG	GA_FOOL	130574
FR_LFPG	GN_GUCY	:
FR_LFPG	HK_VHHH	485458
FR_LFPG	HR_LDZA	170214
FR_LFPG	HU_LHBP	485212
FR_LFPG	IE_EICK	13458
FR_LFPG	IE_EIDW	756121
FR_LFPG	IL_LLBG	841807
FR_LFPG	IN_VABB	232158
FR_LFPG	IN_VAJJ	:
FR_LFPG	IN_VIDD	:
FR_LFPG	IN_VIDP	316688
FR_LFPG	IN_VOBG	:
FR_LFPG	IN_VOBL	15989
FR_LFPG	IN_VOMM	:
FR_LFPG	IR_OIIE	:
FR_LFPG	IR_OIII	:
FR_LFPG	IS_BIKF	28297
FR_LFPG	IS_BIRK	:
FR_LFPG	IT_LICC	157115
FR_LFPG	IT_LICJ	:
FR_LFPG	IT_LIMC	1088253
FR_LFPG	IT_LIMF	171291
FR_LFPG	IT_LIMJ	85723
FR_LFPG	IT_LIML	419539
FR_LFPG	IT_LIPE	297423
FR_LFPG	IT_LIPN	:
FR_LFPG	IT_LIPX	:
FR_LFPG	IT_LIPZ	812836
FR_LFPG	IT_LIRF	1305060
FR_LFPG	IT_LIRN	199036
FR_LFPG	IT_LIRP	:
FR_LFPG	IT_LIRQ	450646
FR_LFPG	JO_OJAI	173264
FR_LFPG	JO_OJAM	:
FR_LFPG	JP_RJAA	25624
FR_LFPG	JP_RJBB	168674
FR_LFPG	JP_RJNN	:
FR_LFPG	JP_RJOO	:
FR_LFPG	JP_RJTT	68552
FR_LFPG	KE_HKJK	284434
FR_LFPG	KH_VDPP	:
FR_LFPG	KR_RKSI	686872
FR_LFPG	KR_RKSS	:
FR_LFPG	LB_OLBA	527172
FR_LFPG	LK_VCBI	:
FR_LFPG	LU_ELLX	149661
FR_LFPG	LV_EVRA	145438
FR_LFPG	LV_EVRS	:
FR_LFPG	LY_HLLT	:
FR_LFPG	MA_GMAA	:
FR_LFPG	MA_GMAD	:
FR_LFPG	MA_GMFO	:
FR_LFPG	MA_GMMC	:
FR_LFPG	MA_GMME	238362
FR_LFPG	MA_GMMN	560722
FR_LFPG	MA_GMMX	312809
FR_LFPG	MG_FMMI	214961
FR_LFPG	ML_GABS	178086
FR_LFPG	MR_GQNO	9486
FR_LFPG	MT_LMML	102623
FR_LFPG	MU_FIMP	458894
FR_LFPG	MX_MMMX	568627
FR_LFPG	MX_MMUN	197891
FR_LFPG	MY_WMKK	:
FR_LFPG	NE_DRRN	9877
FR_LFPG	NG_DNAA	:
FR_LFPG	NG_DNMM	136551
FR_LFPG	NL_EHAM	1235952
FR_LFPG	NO_ENFB	:
FR_LFPG	NO_ENGM	513759
FR_LFPG	OM_OOMS	173914
FR_LFPG	PA_MPTO	179105
FR_LFPG	PE_SPJC	208688
FR_LFPG	PF_NTAA	:
FR_LFPG	PH_RPMM	:
FR_LFPG	PL_EPKK	137975
FR_LFPG	PL_EPWA	551886
FR_LFPG	PT_LPPR	315902
FR_LFPG	PT_LPPT	689363
FR_LFPG	QA_OTBD	:
FR_LFPG	QA_OTHH	749965
FR_LFPG	RO_LROP	512756
FR_LFPG	RS_LYBE	223538
FR_LFPG	RU_ULLI	246402
FR_LFPG	RU_ULLL	:
FR_LFPG	RU_UUEE	843207
FR_LFPG	SA_OEJN	139225
FR_LFPG	SA_OERK	136468
FR_LFPG	SC_FSIA	:
FR_LFPG	SE_ESGG	142553
FR_LFPG	SE_ESGP	:
FR_LFPG	SE_ESSA	658709
FR_LFPG	SG_WSSS	429921
FR_LFPG	SI_LJLJ	100878
FR_LFPG	SN_GOOY	:
FR_LFPG	TG_DXXX	:
FR_LFPG	TH_VTBD	:
FR_LFPG	TH_VTBS	463965
FR_LFPG	TN_DTMB	103244
FR_LFPG	TN_DTTA	489615
FR_LFPG	TN_DTTJ	200484
FR_LFPG	TR_LTAI	:
FR_LFPG	TR_LTBA	24439
FR_LFPG	TR_LTBL	:
FR_LFPG	TR_LTFJ	844244
FR_LFPG	TW_RCTP	267512
FR_LFPG	UA_UKBB	360491
FR_LFPG	UA_UKKK	:
FR_LFPG	UK_EG13	:
FR_LFPG	UK_EG90	:
FR_LFPG	UK_EGAA	88836
FR_LFPG	UK_EGAC	:
FR_LFPG	UK_EGBB	40088
FR_LFPG	UK_EGBN	:
FR_LFPG	UK_EGCC	68105
FR_LFPG	UK_EGFF	:
FR_LFPG	UK_EGGD	169909
FR_LFPG	UK_EGGP	87569
FR_LFPG	UK_EGGW	284197
FR_LFPG	UK_EGHI	7672
FR_LFPG	UK_EGKK	578675
FR_LFPG	UK_EGLL	1255698
FR_LFPG	UK_EGNM	:
FR_LFPG	UK_EGNT	165568
FR_LFPG	UK_EGNX	:
FR_LFPG	UK_EGPD	91038
FR_LFPG	UK_EGPF	128166
FR_LFPG	UK_EGPH	361178
FR_LFPG	US_KATL	849736
FR_LFPG	US_KBOS	440775
FR_LFPG	US_KCLT	88578
FR_LFPG	US_KCVG	113057
FR_LFPG	US_KDFW	260886
FR_LFPG	US_KDTW	391676
FR_LFPG	US_KEWR	307236
FR_LFPG	US_KIAD	502774
FR_LFPG	US_KIAH	15536
FR_LFPG	US_KJFK	1636827
FR_LFPG	US_KLAX	1066685
FR_LFPG	US_KMIA	486795
FR_LFPG	US_KMSP	239923
FR_LFPG	US_KORD	370986
FR_LFPG	US_KPHL	136847
FR_LFPG	US_KPIT	:
FR_LFPG	US_KRDU	116829
FR_LFPG	US_KSEA	231378
FR_LFPG	US_KSFO	554185
FR_LFPG	US_KSLC	129969
FR_LFPG	VE_SVMI	75214
FR_LFPG	VN_VVNB	192938
FR_LFPG	VN_VVTS	178195
FR_LFPG	ZA_FACT	81264
FR_LFPG	ZA_FAJS	:
FR_LFPG	ZA_FAOR	254531
IS_BIAR	IS_BIRK	158152
IS_BIKF	BE_EBBR	105109
IS_BIKF	CA_CYEG	:
IS_BIKF	CA_CYUL	:
IS_BIKF	CA_CYYZ	209201
IS_BIKF	CH_LSZH	91331
IS_BIKF	DE_EDDB	:
IS_BIKF	DE_EDDF	256624
IS_BIKF	DE_EDDL	:
IS_BIKF	DE_EDDM	152507
IS_BIKF	DE_EDDP	:
IS_BIKF	DE_EDDT	117726
IS_BIKF	DE_EDFH	:
IS_BIKF	DK_EKCH	536075
IS_BIKF	ES_GCLP	:
IS_BIKF	ES_GCTS	:
IS_BIKF	ES_LEAL	:
IS_BIKF	ES_LEBL	:
IS_BIKF	FI_EFHK	228226
IS_BIKF	FR_LFPG	283737
IS_BIKF	FR_LFPO	:
IS_BIKF	IE_EIDW	146119
IS_BIKF	NL_EHAM	293655
IS_BIKF	NO_ENBR	:
IS_BIKF	NO_ENGM	317105
IS_BIKF	PL_EPWA	85857
IS_BIKF	SE_ESSA	191416
IS_BIKF	UK_EGCC	184728
IS_BIKF	UK_EGGW	257031
IS_BIKF	UK_EGKK	241538
IS_BIKF	UK_EGLL	353426
IS_BIKF	UK_EGPF	108006
IS_BIKF	UK_EGPH	:
IS_BIKF	UK_EGSS	:
IS_BIKF	US_KBOS	233669
IS_BIKF	US_KBWI	:
IS_BIKF	US_KDEN	91386
IS_BIKF	US_KDFW	:
IS_BIKF	US_KEWR	173623
IS_BIKF	US_KIAD	159994
IS_BIKF	US_KJFK	259715
IS_BIKF	US_KLAX	:
IS_BIKF	US_KMCO	:
IS_BIKF	US_KMSP	121578
IS_BIKF	US_KORD	137633
IS_BIKF	US_KSEA	15548
IS_BIKF	US_KSFB	:
IS_BIKF	US_KSFO	:
IS_BIRK	IS_BIAR	158084
IS_BIRK	IS_BIEG	81443
IS_BIRK	IS_BIIS	32272
IS_BIRK	IS_BIRK	17156
IS_BIRK	IS_BIVM	:
ME_LYPG	AT_LOWW	87162
ME_LYPG	BE_EBCI	36075
ME_LYPG	CH_LSZH	28294
ME_LYPG	DE_EDDB	3556
ME_LYPG	DE_EDDF	27569
ME_LYPG	DE_EDDS	25658
ME_LYPG	DE_EDJA	40411
ME_LYPG	FR_LFPG	42894
ME_LYPG	HU_LHBP	37775
ME_LYPG	IT_LIMC	33116
ME_LYPG	IT_LIPE	24665
ME_LYPG	IT_LIRF	45748
ME_LYPG	PL_EPWA	51341
ME_LYPG	RS_LYBE	312301
ME_LYPG	RU_UUDD	:
ME_LYPG	RU_UUWW	:
ME_LYPG	SE_ESKN	33077
ME_LYPG	SI_LJLJ	55758
ME_LYPG	TR_LTBA	130837
ME_LYPG	UK_EGSS	36766
ME_LYTV	BY_UMMS	34697
ME_LYTV	IL_LLBG	36147
ME_LYTV	RS_LYBE	236378
ME_LYTV	RU_ULLI	62147
ME_LYTV	RU_UUDD	33488
ME_LYTV	RU_UUEE	114665
ME_LYTV	RU_UUWW	182016
ME_LYTV	UA_UKBB	39415
ME_LYTV	UA_UKKK	:
ME_LYTV	UK_EGCC	:
ME_LYTV	UK_EGKK	35883
MK_LWSK	AE_OMDB	2427
MK_LWSK	AT_LOWW	137013
MK_LWSK	BE_EBCI	55511
MK_LWSK	CH_LSZH	147868
MK_LWSK	DE_EDDB	59762
MK_LWSK	DE_EDDH	52033
MK_LWSK	DE_EDDK	71094
MK_LWSK	DE_EDDN	40903
MK_LWSK	DE_EDDV	4454
MK_LWSK	DE_EDDW	28141
MK_LWSK	DE_EDFH	57144
MK_LWSK	DE_EDJA	58593
MK_LWSK	DE_EDLW	54934
MK_LWSK	DE_EDNY	46289
MK_LWSK	DE_EDSB	3052
MK_LWSK	DK_EKCH	3982
MK_LWSK	ES_LEBL	29964
MK_LWSK	FR_LFOB	38458
MK_LWSK	FR_LFSB	131712
MK_LWSK	HR_LDZA	74625
MK_LWSK	HU_LHBP	33482
MK_LWSK	IT_LIMC	37869
MK_LWSK	IT_LIME	:
MK_LWSK	IT_LIPH	39012
MK_LWSK	IT_LIRA	39553
MK_LWSK	MT_LMML	38569
MK_LWSK	NL_EHEH	57843
MK_LWSK	NO_ENTO	32232
MK_LWSK	PL_EPWA	30759
MK_LWSK	QA_OTBD	29856
MK_LWSK	RS_LYBE	42796
MK_LWSK	SE_ESGG	58451
MK_LWSK	SE_ESKN	32302
MK_LWSK	SE_ESMS	94386
MK_LWSK	SE_ESMX	22989
MK_LWSK	SI_LJLJ	41115
MK_LWSK	SK_LZIB	75589
MK_LWSK	TR_LTAI	60092
MK_LWSK	TR_LTBA	157769
MK_LWSK	TR_LTFJ	7943
MK_LWSK	UK_EGGW	60964
NO_ENGM	AE_OMDB	194994
NO_ENGM	AT_LOWW	173163
NO_ENGM	BE_EBBR	293776
NO_ENGM	CH_LSZH	181794
NO_ENGM	CY_LCLK	80476
NO_ENGM	CZ_LKPR	158773
NO_ENGM	DE_EDDB	310245
NO_ENGM	DE_EDDF	539327
NO_ENGM	DE_EDDH	15078
NO_ENGM	DE_EDDL	104121
NO_ENGM	DE_EDDM	448264
NO_ENGM	DE_EDDT	109025
NO_ENGM	DK_EKBI	177552
NO_ENGM	DK_EKCH	1470374
NO_ENGM	EE_EETN	126853
NO_ENGM	EL_LGRP	:
NO_ENGM	EL_LGSA	135172
NO_ENGM	ES_GCLP	316979
NO_ENGM	ES_GCTS	95714
NO_ENGM	ES_LEAL	37859
NO_ENGM	ES_LEBL	259298
NO_ENGM	ES_LEMD	111564
NO_ENGM	ES_LEMG	325374
NO_ENGM	ES_LEPA	177849
NO_ENGM	FI_EFHK	513127
NO_ENGM	FR_LFMN	206452
NO_ENGM	FR_LFPG	513447
NO_ENGM	FR_LFPO	:
NO_ENGM	HR_LDSP	119706
NO_ENGM	HU_LHBP	210025
NO_ENGM	IE_EIDW	136839
NO_ENGM	IS_BIKF	314729
NO_ENGM	IT_LIMC	120189
NO_ENGM	IT_LIRF	177848
NO_ENGM	LT_EYVI	175369
NO_ENGM	LV_EVRA	277257
NO_ENGM	NL_EHAM	721621
NO_ENGM	NO_ENAL	654853
NO_ENGM	NO_ENAT	172892
NO_ENGM	NO_ENBO	838021
NO_ENGM	NO_ENBR	2004018
NO_ENGM	NO_ENCN	510077
NO_ENGM	NO_ENDU	245662
NO_ENGM	NO_ENEV	604972
NO_ENGM	NO_ENHD	474092
NO_ENGM	NO_ENKB	185802
NO_ENGM	NO_ENKR	220675
NO_ENGM	NO_ENML	354012
NO_ENGM	NO_ENOV	83636
NO_ENGM	NO_ENSB	116415
NO_ENGM	NO_ENTC	1243364
NO_ENGM	NO_ENVA	2106608
NO_ENGM	NO_ENZV	1681389
NO_ENGM	PL_EPGD	234153
NO_ENGM	PL_EPKK	208652
NO_ENGM	PL_EPWA	22815
NO_ENGM	PT_LPPT	133709
NO_ENGM	QA_OTBD	:
NO_ENGM	QA_OTHH	202347
NO_ENGM	RU_UUEE	125039
NO_ENGM	SE_ESGG	:
NO_ENGM	SE_ESSA	1408504
NO_ENGM	TH_VTBS	229212
NO_ENGM	TR_LTAI	177929
NO_ENGM	TR_LTBA	:
NO_ENGM	UK_EGCC	145155
NO_ENGM	UK_EGKK	405975
NO_ENGM	UK_EGLL	682514
NO_ENGM	UK_EGPH	132647
NO_ENGM	UK_EGSS	289929
NO_ENGM	US_KEWR	148489
NO_ENGM	US_KJFK	128211
RS_LYBE	AE_OMAA	114256
RS_LYBE	AE_OMDB	:
RS_LYBE	AT_LOWW	213038
RS_LYBE	CH_LSGG	:
RS_LYBE	CH_LSZH	424613
RS_LYBE	CY_LCLK	:
RS_LYBE	CZ_LKPR	:
RS_LYBE	DE_EDDF	262795
RS_LYBE	DE_EDDL	:
RS_LYBE	DE_EDDM	208376
RS_LYBE	DE_EDDS	:
RS_LYBE	DE_EDDT	131397
RS_LYBE	DE_EDLW	:
RS_LYBE	DK_EKCH	:
RS_LYBE	EG_HEGN	104712
RS_LYBE	EL_LGAV	163867
RS_LYBE	EL_LGTS	:
RS_LYBE	FR_LFPG	225595
RS_LYBE	FR_LFSB	:
RS_LYBE	HR_LDZA	:
RS_LYBE	IL_LLBG	8954
RS_LYBE	IT_LIMC	:
RS_LYBE	IT_LIRF	15357
RS_LYBE	ME_LYPG	310662
RS_LYBE	ME_LYTI	:
RS_LYBE	ME_LYTV	239486
RS_LYBE	NL_EHAM	176461
RS_LYBE	NL_EHEH	:
RS_LYBE	NO_ENGM	:
RS_LYBE	PL_EPWA	:
RS_LYBE	QA_OTBD	97815
RS_LYBE	RO_LROP	:
RS_LYBE	RU_UUEE	329543
RS_LYBE	SE_ESMS	:
RS_LYBE	SI_LJLJ	:
RS_LYBE	TR_LTAI	106487
RS_LYBE	TR_LTBA	:
RS_LYBE	TR_LTFJ	:
RS_LYBE	TR_LTFM	203856
RS_LYBE	UK_EGGW	:
RS_LYBE	UK_EGLL	102966
RS_LYBE	US_KJFK	75997
RS_LYBE	ZZ_ZZZZ	:
RS_LYNI	AT_LOWW	49696
RS_LYNI	CH_LSZH	26658
RS_LYNI	DE_EDDB	43264
RS_LYNI	DE_EDJA	4039
RS_LYNI	DE_EDLV	:
RS_LYNI	DE_EDLW	44887
RS_LYNI	FR_LFSB	57385
RS_LYNI	IT_LIME	43171
RS_LYNI	SE_ESKN	41672
RS_LYNI	SE_ESMS	31265
RS_LYNI	SK_LZIB	39394
TR_LTAC	AT_LOWW	:
TR_LTAC	AZ_UBBB	79547
TR_LTAC	DE_EDDF	91835
TR_LTAC	DE_EDDK	:
TR_LTAC	DE_EDDL	158142
TR_LTAC	DE_EDDM	121927
TR_LTAC	DE_EDDS	:
TR_LTAC	IQ_ORBI	141777
TR_LTAC	IQ_ORER	121647
TR_LTAC	IR_OIIE	112416
TR_LTAC	JO_OJAI	95315
TR_LTAC	QA_OTBD	:
TR_LTAC	RU_UUWW	:
TR_LTAC	SA_OEJN	78531
TR_LTAC	SA_OEMA	:
TR_LTAC	TR_LTAF	39191
TR_LTAC	TR_LTAI	831959
TR_LTAC	TR_LTAJ	360899
TR_LTAC	TR_LTAT	140134
TR_LTAC	TR_LTBA	527077
TR_LTAC	TR_LTBH	101647
TR_LTAC	TR_LTBJ	1140126
TR_LTAC	TR_LTBR	:
TR_LTAC	TR_LTBS	166399
TR_LTAC	TR_LTBU	:
TR_LTAC	TR_LTCA	204314
TR_LTAC	TR_LTCB	224214
TR_LTAC	TR_LTCC	377826
TR_LTAC	TR_LTCD	101866
TR_LTAC	TR_LTCE	280729
TR_LTAC	TR_LTCF	122227
TR_LTAC	TR_LTCG	454641
TR_LTAC	TR_LTCI	336959
TR_LTAC	TR_LTCJ	138823
TR_LTAC	TR_LTCK	114999
TR_LTAC	TR_LTCO	125582
TR_LTAC	TR_LTCP	81353
TR_LTAC	TR_LTCR	11525
TR_LTAC	TR_LTCS	176414
TR_LTAC	TR_LTCT	104689
TR_LTAC	TR_LTCV	19617
TR_LTAC	TR_LTCW	92934
TR_LTAC	TR_LTDA	105712
TR_LTAC	TR_LTFD	:
TR_LTAC	TR_LTFE	33533
TR_LTAC	TR_LTFH	161011
TR_LTAC	TR_LTFJ	2184157
TR_LTAC	UA_UKBB	119652
TR_LTAC	UA_UKKK	77197
TR_LTAC	ZZ_ZZZZ	525921
UK_EGLL	AE_OMAA	1119847
UK_EGLL	AE_OMDB	2333642
UK_EGLL	AR_SAEZ	173728
UK_EGLL	AT_LOWW	83536
UK_EGLL	AU_AMML	:
UK_EGLL	AU_APPH	:
UK_EGLL	AU_ASSY	:
UK_EGLL	AU_YBBN	:
UK_EGLL	AU_YMML	:
UK_EGLL	AU_YPPH	158493
UK_EGLL	AU_YSSY	:
UK_EGLL	AZ_UBBB	:
UK_EGLL	BD_VGZR	:
UK_EGLL	BE_EBBR	675645
UK_EGLL	BG_LBSF	176126
UK_EGLL	BH_OBBI	428247
UK_EGLL	BN_WBSB	127023
UK_EGLL	BR_SBGL	137822
UK_EGLL	BR_SBGR	450794
UK_EGLL	BS_MYNN	95521
UK_EGLL	CA_CYEG	:
UK_EGLL	CA_CYHZ	:
UK_EGLL	CA_CYMX	:
UK_EGLL	CA_CYOW	117614
UK_EGLL	CA_CYUL	320566
UK_EGLL	CA_CYVR	542568
UK_EGLL	CA_CYYC	260021
UK_EGLL	CA_CYYT	:
UK_EGLL	CA_CYYZ	1151792
UK_EGLL	CH_LSGG	1070432
UK_EGLL	CH_LSZH	1188637
UK_EGLL	CH_LSZM	:
UK_EGLL	CN_ZBAA	585832
UK_EGLL	CN_ZGGG	161232
UK_EGLL	CN_ZSPD	510675
UK_EGLL	CO_SKBO	161232
UK_EGLL	CY_LCLK	234665
UK_EGLL	CZ_LKPR	447235
UK_EGLL	DE_EDDF	1549296
UK_EGLL	DE_EDDH	613188
UK_EGLL	DE_EDDK	189557
UK_EGLL	DE_EDDL	73085
UK_EGLL	DE_EDDM	1267625
UK_EGLL	DE_EDDN	:
UK_EGLL	DE_EDDS	342408
UK_EGLL	DE_EDDT	752162
UK_EGLL	DE_EDDV	176409
UK_EGLL	DE_EDDW	:
UK_EGLL	DE_EDVV	:
UK_EGLL	DE_ETLS	:
UK_EGLL	DK_EKBI	91019
UK_EGLL	DK_EKCH	94747
UK_EGLL	DZ_DAAG	:
UK_EGLL	EG_HECA	414952
UK_EGLL	EL_LGAT	:
UK_EGLL	EL_LGAV	749415
UK_EGLL	ES_LEAL	:
UK_EGLL	ES_LEBB	:
UK_EGLL	ES_LEBL	785125
UK_EGLL	ES_LECO	112412
UK_EGLL	ES_LEMD	1476551
UK_EGLL	ES_LEMG	120436
UK_EGLL	ES_LEPA	141246
UK_EGLL	ES_LEST	:
UK_EGLL	ES_LEVC	9932
UK_EGLL	ES_LEZL	:
UK_EGLL	ET_HAAB	246383
UK_EGLL	FI_EFHF	:
UK_EGLL	FI_EFHK	817869
UK_EGLL	FR_LFBO	269462
UK_EGLL	FR_LFLL	273848
UK_EGLL	FR_LFML	293354
UK_EGLL	FR_LFMN	511494
UK_EGLL	FR_LFPG	1261338
UK_EGLL	FR_LFPO	:
UK_EGLL	FR_LFSB	278482
UK_EGLL	GH_DGAA	22136
UK_EGLL	GI_LXGB	162884
UK_EGLL	HK_VHHH	1612530
UK_EGLL	HR_LDZA	141627
UK_EGLL	HU_LHBP	371847
UK_EGLL	IE_EICK	379107
UK_EGLL	IE_EIDW	1855531
UK_EGLL	IE_EINN	268189
UK_EGLL	IL_LLBG	678422
UK_EGLL	IN_VAAH	94291
UK_EGLL	IN_VABB	724449
UK_EGLL	IN_VECC	:
UK_EGLL	IN_VIAR	:
UK_EGLL	IN_VIDP	871183
UK_EGLL	IN_VOBG	:
UK_EGLL	IN_VOBL	231123
UK_EGLL	IN_VOHS	141438
UK_EGLL	IN_VOMM	136841
UK_EGLL	IR_OIIE	:
UK_EGLL	IR_OIII	:
UK_EGLL	IS_BIKF	35361
UK_EGLL	IT_LIMC	365106
UK_EGLL	IT_LIMF	:
UK_EGLL	IT_LIML	501891
UK_EGLL	IT_LIPE	310343
UK_EGLL	IT_LIPZ	174134
UK_EGLL	IT_LIRF	931141
UK_EGLL	IT_LIRP	174001
UK_EGLL	JM_MKJP	:
UK_EGLL	JM_MKJS	:
UK_EGLL	JO_OJAI	232636
UK_EGLL	JP_RJAA	134385
UK_EGLL	JP_RJBB	:
UK_EGLL	JP_RJNN	:
UK_EGLL	JP_RJTT	586226
UK_EGLL	KE_HKJK	675838
UK_EGLL	KE_HKNA	:
UK_EGLL	KR_RKSI	528363
UK_EGLL	KR_RKSS	:
UK_EGLL	KW_OKBK	436088
UK_EGLL	LB_OLBA	301512
UK_EGLL	LK_VCBI	219395
UK_EGLL	LU_ELLX	181538
UK_EGLL	LV_EVRA	:
UK_EGLL	MA_GMMN	96222
UK_EGLL	MA_GMMX	:
UK_EGLL	MT_LMML	201035
UK_EGLL	MU_FIMP	86332
UK_EGLL	MV_VRMM	:
UK_EGLL	MX_MMMX	261877
UK_EGLL	MY_WMKK	478002
UK_EGLL	NG_DNAA	136534
UK_EGLL	NG_DNMM	382375
UK_EGLL	NL_EHAM	1748216
UK_EGLL	NL_EHRD	:
UK_EGLL	NO_ENBR	:
UK_EGLL	NO_ENFB	:
UK_EGLL	NO_ENGM	686097
UK_EGLL	NO_ENZV	:
UK_EGLL	NZ_NZAA	:
UK_EGLL	OM_OOMS	35947
UK_EGLL	PH_RPLL	111217
UK_EGLL	PH_RPMM	:
UK_EGLL	PK_OPKC	:
UK_EGLL	PK_OPLA	89709
UK_EGLL	PK_OPRN	:
UK_EGLL	PL_EPKK	112086
UK_EGLL	PL_EPWA	453361
UK_EGLL	PT_LPFR	:
UK_EGLL	PT_LPPR	:
UK_EGLL	PT_LPPT	943228
UK_EGLL	QA_OTBD	:
UK_EGLL	QA_OTHH	1264687
UK_EGLL	RO_LROP	267292
UK_EGLL	RS_LYBE	1026
UK_EGLL	RU_ULLI	:
UK_EGLL	RU_UUDD	176531
UK_EGLL	RU_UUEE	533548
UK_EGLL	RU_UUWW	:
UK_EGLL	SA_OEDR	:
UK_EGLL	SA_OEJN	248635
UK_EGLL	SA_OERK	288367
UK_EGLL	SE_ESGG	247369
UK_EGLL	SE_ESSA	959792
UK_EGLL	SG_WSSS	1706099
UK_EGLL	SY_OSDI	:
UK_EGLL	TH_VTBD	:
UK_EGLL	TH_VTBS	892886
UK_EGLL	TR_LTBA	:
UK_EGLL	TT_TTPP	:
UK_EGLL	TW_RCTP	:
UK_EGLL	UA_UKBB	:
UK_EGLL	UK_EGAA	:
UK_EGLL	UK_EGAC	668575
UK_EGLL	UK_EGCC	554688
UK_EGLL	UK_EGJJ	:
UK_EGLL	UK_EGNM	100189
UK_EGLL	UK_EGNS	:
UK_EGLL	UK_EGNT	461804
UK_EGLL	UK_EGNV	:
UK_EGLL	UK_EGPD	692289
UK_EGLL	UK_EGPE	140358
UK_EGLL	UK_EGPF	865008
UK_EGLL	UK_EGPH	1196921
UK_EGLL	US_KATL	621852
UK_EGLL	US_KAUS	188349
UK_EGLL	US_KBOS	970239
UK_EGLL	US_KBWI	136538
UK_EGLL	US_KCLT	319742
UK_EGLL	US_KDEN	306097
UK_EGLL	US_KDFW	778797
UK_EGLL	US_KDTW	236225
UK_EGLL	US_KEWR	977921
UK_EGLL	US_KIAD	842269
UK_EGLL	US_KIAH	516945
UK_EGLL	US_KJFK	3193245
UK_EGLL	US_KLAS	353006
UK_EGLL	US_KLAX	1621064
UK_EGLL	US_KMIA	1069986
UK_EGLL	US_KMSP	136
UK_EGLL	US_KORD	1250660
UK_EGLL	US_KPHL	480513
UK_EGLL	US_KPHX	312469
UK_EGLL	US_KRDU	143348
UK_EGLL	US_KSAN	173448
UK_EGLL	US_KSEA	426192
UK_EGLL	US_KSFO	1075554
UK_EGLL	US_KSJC	117715
UK_EGLL	US_KSLC	80607
UK_EGLL	UZ_UTTT	:
UK_EGLL	VE_SVMI	:
UK_EGLL	ZA_FACT	329296
UK_EGLL	ZA_FADN	:
UK_EGLL	ZA_FAJS	:
UK_EGLL	ZA_FAOR	1004018
UK_EGLL	ZW_FVHA	:
CY_LCLK	AE_OMDB	176739
CY_LCLK	AT_LOWW	309225
CY_LCLK	BG_LBSF	101624
CY_LCLK	CH_LSZH	130645
CY_LCLK	CY_LCPH	:
CY_LCLK	CZ_LKPR	:
CY_LCLK	DE_EDDF	110359
CY_LCLK	DE_EDDM	118831
CY_LCLK	EG_HECA	:
CY_LCLK	EL_LG99	:
CY_LCLK	EL_LGAT	:
CY_LCLK	EL_LGAV	1116608
CY_LCLK	EL_LGIR	:
CY_LCLK	EL_LGTS	250333
CY_LCLK	FI_EFHK	:
CY_LCLK	FR_LFPG	:
CY_LCLK	HU_LHBP	:
CY_LCLK	IE_EIDW	:
CY_LCLK	IE_EINN	:
CY_LCLK	IL_LLBG	495596
CY_LCLK	IT_LIMC	:
CY_LCLK	JO_OJAI	:
CY_LCLK	KW_OKBK	:
CY_LCLK	LB_OLBA	209445
CY_LCLK	MT_LMML	109599
CY_LCLK	NL_EHAM	:
CY_LCLK	NO_ENGM	81627
CY_LCLK	PL_EPWA	133347
CY_LCLK	QA_OTHH	89992
CY_LCLK	RO_LRBS	:
CY_LCLK	RO_LROP	153706
CY_LCLK	RU_ULLI	231683
CY_LCLK	RU_USSS	:
CY_LCLK	RU_UUDD	291629
CY_LCLK	RU_UUEE	272132
CY_LCLK	RU_UUWW	576895
CY_LCLK	SE_ESGG	:
CY_LCLK	SE_ESSA	124967
CY_LCLK	SY_OSDI	:
CY_LCLK	UA_UKBB	151715
CY_LCLK	UK_EGBB	131078
CY_LCLK	UK_EGCC	133169
CY_LCLK	UK_EGGD	77139
CY_LCLK	UK_EGGW	260124
CY_LCLK	UK_EGKK	244238
CY_LCLK	UK_EGLL	234671
CY_LCLK	UK_EGNT	:
CY_LCLK	UK_EGNX	:
CY_LCLK	UK_EGPF	:
CY_LCLK	UK_EGSS	77101
CY_LCPH	BE_EBBR	:
CY_LCPH	BE_EBCI	:
CY_LCPH	CH_LSZH	:
CY_LCPH	CY_LCLK	:
CY_LCPH	DE_EDDF	:
CY_LCPH	DE_EDDL	:
CY_LCPH	DE_EDDM	:
CY_LCPH	DE_EDJA	:
CY_LCPH	DK_EKAH	:
CY_LCPH	EG_HECA	:
CY_LCPH	EL_LG99	:
CY_LCPH	EL_LGAV	:
CY_LCPH	EL_LGRX	:
CY_LCPH	EL_LGSA	55597
CY_LCPH	EL_LGTS	179204
CY_LCPH	FI_EFHK	:
CY_LCPH	HU_LHBP	47035
CY_LCPH	IE_EIDW	:
CY_LCPH	IL_LLBG	224498
CY_LCPH	IT_LIME	:
CY_LCPH	IT_LIRA	:
CY_LCPH	NL_EHAM	56843
CY_LCPH	PL_EPKK	:
CY_LCPH	RU_USSS	:
CY_LCPH	RU_UUDD	99128
CY_LCPH	RU_UUEE	:
CY_LCPH	RU_UUWW	67732
CY_LCPH	UK_EGBB	107328
CY_LCPH	UK_EGCC	33195
CY_LCPH	UK_EGCN	:
CY_LCPH	UK_EGFF	:
CY_LCPH	UK_EGGD	89711
CY_LCPH	UK_EGGW	98156
CY_LCPH	UK_EGKK	372533
CY_LCPH	UK_EGLL	:
CY_LCPH	UK_EGNM	47591
CY_LCPH	UK_EGNT	54647
CY_LCPH	UK_EGNX	67614
CY_LCPH	UK_EGPF	40272
CY_LCPH	UK_EGPH	75726
CY_LCPH	UK_EGSS	239435
CY_LCPH	UK_EGTE	:
FR_LFPG	AE_OMAA	533516
FR_LFPG	AE_OMAD	:
FR_LFPG	AE_OMDB	1185762
FR_LFPG	AN_TNCM	97861
FR_LFPG	AR_SAEZ	196156
FR_LFPG	AT_LOWW	942748
FR_LFPG	BE_EBBR	193727
FR_LFPG	BF_DFFD	:
FR_LFPG	BG_LBSF	124175
FR_LFPG	BH_OBBI	:
FR_LFPG	BJ_DBBB	80629
FR_LFPG	BR_SBCF	:
FR_LFPG	BR_SBGL	275926
FR_LFPG	BR_SBGR	625153
FR_LFPG	BR_SBSP	:
FR_LFPG	CA_CYMX	:
FR_LFPG	CA_CYUL	1247212
FR_LFPG	CA_CYVR	169452
FR_LFPG	CA_CYYZ	564303
FR_LFPG	CG_FCBB	:
FR_LFPG	CG_FCPP	:
FR_LFPG	CH_LSGG	727138
FR_LFPG	CH_LSZH	723912
FR_LFPG	CH_LSZM	145705
FR_LFPG	CI_DIAP	264724
FR_LFPG	CL_SCEL	243919
FR_LFPG	CM_FKKD	140411
FR_LFPG	CM_FKYS	10176
FR_LFPG	CN_ZBAA	682062
FR_LFPG	CN_ZGGG	214521
FR_LFPG	CN_ZSPD	97147
FR_LFPG	CN_ZSSS	:
FR_LFPG	CO_SKBO	179649
FR_LFPG	CU_MUHA	329364
FR_LFPG	CY_LCLK	:
FR_LFPG	CZ_LKPR	738206
FR_LFPG	DE_EDDF	1042112
FR_LFPG	DE_EDDH	465252
FR_LFPG	DE_EDDK	:
FR_LFPG	DE_EDDL	464579
FR_LFPG	DE_EDDM	1014392
FR_LFPG	DE_EDDN	167841
FR_LFPG	DE_EDDS	166573
FR_LFPG	DE_EDDT	86442
FR_LFPG	DE_EDDV	160227
FR_LFPG	DE_EDDW	:
FR_LFPG	DE_EDLW	:
FR_LFPG	DE_EDVV	:
FR_LFPG	DK_EKBI	90892
FR_LFPG	DK_EKCH	773951
FR_LFPG	DK_EKRK	:
FR_LFPG	DO_MDPC	291378
FR_LFPG	DO_MDSD	:
FR_LFPG	DZ_DAAG	881609
FR_LFPG	DZ_DAOO	170935
FR_LFPG	EG_HECA	412118
FR_LFPG	EG_HEGN	:
FR_LFPG	EG_HELX	:
FR_LFPG	EL_LGAT	:
FR_LFPG	EL_LGAV	685535
FR_LFPG	EL_LGIR	173176
FR_LFPG	ES_GCFV	87446
FR_LFPG	ES_GCXO	:
FR_LFPG	ES_LEAL	:
FR_LFPG	ES_LEBB	312469
FR_LFPG	ES_LEBL	1385303
FR_LFPG	ES_LEMD	1108578
FR_LFPG	ES_LEMG	476316
FR_LFPG	ES_LEPA	209567
FR_LFPG	ES_LEVC	289543
FR_LFPG	ES_LEVX	:
FR_LFPG	ES_LEZL	203534
FR_LFPG	ET_HAAB	203325
FR_LFPG	FI_EFHF	:
FR_LFPG	FI_EFHK	490045
FR_LFPG	FR_FMCZ	:
FR_LFPG	FR_FMEE	377259
FR_LFPG	FR_LFBD	653629
FR_LFPG	FR_LFBO	1004435
FR_LFPG	FR_LFBP	177181
FR_LFPG	FR_LFBZ	266444
FR_LFPG	FR_LFKB	:
FR_LFPG	FR_LFKJ	107981
FR_LFPG	FR_LFLC	175896
FR_LFPG	FR_LFLL	556399
FR_LFPG	FR_LFML	684177
FR_LFPG	FR_LFMN	1132271
FR_LFPG	FR_LFMT	427061
FR_LFPG	FR_LFRB	268435
FR_LFPG	FR_LFRN	148969
FR_LFPG	FR_LFRS	467638
FR_LFPG	FR_LFSB	:
FR_LFPG	FR_LFST	:
FR_LFPG	FR_LFTW	:
FR_LFPG	FR_TFFF	:
FR_LFPG	FR_TFFR	:
FR_LFPG	GA_FOOL	130574
FR_LFPG	GN_GUCY	:
FR_LFPG	HK_VHHH	485458
FR_LFPG	HR_LDZA	170214
FR_LFPG	HU_LHBP	485212
FR_LFPG	IE_EICK	13458
FR_LFPG	IE_EIDW	756121
FR_LFPG	IL_LLBG	841807
FR_LFPG	IN_VABB	232158
FR_LFPG	IN_VAJJ	:
FR_LFPG	IN_VIDD	:
FR_LFPG	IN_VIDP	316688
FR_LFPG	IN_VOBG	:
FR_LFPG	IN_VOBL	15989
FR_LFPG	IN_VOMM	:
FR_LFPG	IR_OIIE	:
FR_LFPG	IR_OIII	:
FR_LFPG	IS_BIKF	28297
FR_LFPG	IS_BIRK	:
FR_LFPG	IT_LICC	157115
FR_LFPG	IT_LICJ	:
FR_LFPG	IT_LIMC	1088253
FR_LFPG	IT_LIMF	171291
FR_LFPG	IT_LIMJ	85723
FR_LFPG	IT_LIML	419539
FR_LFPG	IT_LIPE	297423
FR_LFPG	IT_LIPN	:
FR_LFPG	IT_LIPX	:
FR_LFPG	IT_LIPZ	812836
FR_LFPG	IT_LIRF	1305060
FR_LFPG	IT_LIRN	199036
FR_LFPG	IT_LIRP	:
FR_LFPG	IT_LIRQ	450646
FR_LFPG	JO_OJAI	173264
FR_LFPG	JO_OJAM	:
FR_LFPG	JP_RJAA	25624
FR_LFPG	JP_RJBB	168674
FR_LFPG	JP_RJNN	:
FR_LFPG	JP_RJOO	:
FR_LFPG	JP_RJTT	68552
FR_LFPG	KE_HKJK	284434
FR_LFPG	KH_VDPP	:
FR_LFPG	KR_RKSI	686872
FR_LFPG	KR_RKSS	:
FR_LFPG	LB_OLBA	527172
FR_LFPG	LK_VCBI	:
FR_LFPG	LU_ELLX	149661
FR_LFPG	LV_EVRA	145438
FR_LFPG	LV_EVRS	:
FR_LFPG	LY_HLLT	:
FR_LFPG	MA_GMAA	:
FR_LFPG	MA_GMAD	:
FR_LFPG	MA_GMFO	:
FR_LFPG	MA_GMMC	:
FR_LFPG	MA_GMME	238362
FR_LFPG	MA_GMMN	560722
FR_LFPG	MA_GMMX	312809
FR_LFPG	MG_FMMI	214961
FR_LFPG	ML_GABS	178086
FR_LFPG	MR_GQNO	9486
FR_LFPG	MT_LMML	102623
FR_LFPG	MU_FIMP	458894
FR_LFPG	MX_MMMX	568627
FR_LFPG	MX_MMUN	197891
FR_LFPG	MY_WMKK	:
FR_LFPG	NE_DRRN	9877
FR_LFPG	NG_DNAA	:
FR_LFPG	NG_DNMM	136551
FR_LFPG	NL_EHAM	1235952
FR_LFPG	NO_ENFB	:
FR_LFPG	NO_ENGM	513759
FR_LFPG	OM_OOMS	173914
FR_LFPG	PA_MPTO	179105
FR_LFPG	PE_SPJC	208688
FR_LFPG	PF_NTAA	:
FR_LFPG	PH_RPMM	:
FR_LFPG	PL_EPKK	137975
FR_LFPG	PL_EPWA	551886
FR_LFPG	PT_LPPR	315902
FR_LFPG	PT_LPPT	689363
FR_LFPG	QA_OTBD	:
FR_LFPG	QA_OTHH	749965
FR_LFPG	RO_LROP	512756
FR_LFPG	RS_LYBE	223538
FR_LFPG	RU_ULLI	246402
FR_LFPG	RU_ULLL	:
FR_LFPG	RU_UUEE	843207
FR_LFPG	SA_OEJN	139225
FR_LFPG	SA_OERK	136468
FR_LFPG	SC_FSIA	:
FR_LFPG	SE_ESGG	142553
FR_LFPG	SE_ESGP	:
FR_LFPG	SE_ESSA	658709
FR_LFPG	SG_WSSS	429921
FR_LFPG	SI_LJLJ	100878
FR_LFPG	SN_GOOY	:
FR_LFPG	TG_DXXX	:
FR_LFPG	TH_VTBD	:
FR_LFPG	TH_VTBS	463965
FR_LFPG	TN_DTMB	103244
FR_LFPG	TN_DTTA	489615
FR_LFPG	TN_DTTJ	200484
FR_LFPG	TR_LTAI	:
FR_LFPG	TR_LTBA	24439
FR_LFPG	TR_LTBL	:
FR_LFPG	TR_LTFJ	844244
FR_LFPG	TW_RCTP	267512
FR_LFPG	UA_UKBB	360491
FR_LFPG	UA_UKKK	:
FR_LFPG	UK_EG13	:
FR_LFPG	UK_EG90	:
FR_LFPG	UK_EGAA	88836
FR_LFPG	UK_EGAC	:
FR_LFPG	UK_EGBB	40088
FR_LFPG	UK_EGBN	:
FR_LFPG	UK_EGCC	68105
FR_LFPG	UK_EGFF	:
FR_LFPG	UK_EGGD	169909
FR_LFPG	UK_EGGP	87569
FR_LFPG	UK_EGGW	284197
FR_LFPG	UK_EGHI	7672
FR_LFPG	UK_EGKK	578675
FR_LFPG	UK_EGLL	1255698
FR_LFPG	UK_EGNM	:
FR_LFPG	UK_EGNT	165568
FR_LFPG	UK_EGNX	:
FR_LFPG	UK_EGPD	91038
FR_LFPG	UK_EGPF	128166
FR_LFPG	UK_EGPH	361178
FR_LFPG	US_KATL	849736
FR_LFPG	US_KBOS	440775
FR_LFPG	US_KCLT	88578
FR_LFPG	US_KCVG	113057
FR_LFPG	US_KDFW	260886
FR_LFPG	US_KDTW	391676
FR_LFPG	US_KEWR	307236
FR_LFPG	US_KIAD	502774
FR_LFPG	US_KIAH	15536
FR_LFPG	US_KJFK	1636827
FR_LFPG	US_KLAX	1066685
FR_LFPG	US_KMIA	486795
FR_LFPG	US_KMSP	239923
FR_LFPG	US_KORD	370986
FR_LFPG	US_KPHL	136847
FR_LFPG	US_KPIT	:
FR_LFPG	US_KRDU	116829
FR_LFPG	US_KSEA	231378
FR_LFPG	US_KSFO	554185
FR_LFPG	US_KSLC	129969
FR_LFPG	VE_SVMI	75214
FR_LFPG	VN_VVNB	192938
FR_LFPG	VN_VVTS	178195
FR_LFPG	ZA_FACT	81264
FR_LFPG	ZA_FAJS	:
FR_LFPG	ZA_FAOR	254531
HR_LDDU	AT_LOWW	89081
HR_LDDU	BE_EBBR	:
HR_LDDU	CZ_LKPR	:
HR_LDDU	DE_EDDF	121089
HR_LDDU	DE_EDDL	:
HR_LDDU	DE_EDDM	108965
HR_LDDU	DK_EKCH	4019
HR_LDDU	EL_LGAV	61397
HR_LDDU	ES_LEBL	78419
HR_LDDU	ES_LEMD	93942
HR_LDDU	FI_EFHK	93662
HR_LDDU	FR_LFPG	69398
HR_LDDU	FR_LFPO	63936
HR_LDDU	FR_LFRS	:
HR_LDDU	HR_LDZA	255606
HR_LDDU	IE_EIDW	94107
HR_LDDU	IT_LIRF	73992
HR_LDDU	NL_EHAM	:
HR_LDDU	NO_ENGM	56434
HR_LDDU	RU_UUDD	:
HR_LDDU	RU_UUEE	:
HR_LDDU	SE_ESSA	58291
HR_LDDU	TR_LTBA	81341
HR_LDDU	UK_EGBB	40417
HR_LDDU	UK_EGCC	112769
HR_LDDU	UK_EGGD	46599
HR_LDDU	UK_EGGW	:
HR_LDDU	UK_EGKK	23694
HR_LDDU	UK_EGPH	:
HR_LDDU	UK_EGSS	95915
HR_LDSP	AT_LOWW	69602
HR_LDSP	CH_LSGG	60662
HR_LDSP	CH_LSZH	49625
HR_LDSP	CZ_LKPR	46336
HR_LDSP	DE_EDDB	41537
HR_LDSP	DE_EDDF	15466
HR_LDSP	DE_EDDH	:
HR_LDSP	DE_EDDK	72151
HR_LDSP	DE_EDDL	7559
HR_LDSP	DE_EDDM	127556
HR_LDSP	DE_EDDS	98208
HR_LDSP	DE_EDDT	:
HR_LDSP	DE_EDDV	:
HR_LDSP	DE_EDLW	:
HR_LDSP	DK_EKCH	105746
HR_LDSP	ES_LEBL	52129
HR_LDSP	FI_EFHK	104091
HR_LDSP	FR_LFPG	7029
HR_LDSP	FR_LFPO	52491
HR_LDSP	FR_LFRS	:
HR_LDSP	FR_LFSB	69899
HR_LDSP	HR_LDZA	196847
HR_LDSP	HU_LHBP	:
HR_LDSP	IT_LIMC	:
HR_LDSP	IT_LIRF	114212
HR_LDSP	NL_EHAM	80855
HR_LDSP	NL_EHRD	43057
HR_LDSP	NO_ENGM	120199
HR_LDSP	RS_LYBE	:
HR_LDSP	RU_UUDD	:
HR_LDSP	RU_UUEE	:
HR_LDSP	SE_ESGG	67225
HR_LDSP	SE_ESSA	135672
HR_LDSP	UA_UKBB	:
HR_LDSP	UK_EGCC	90141
HR_LDSP	UK_EGGW	89164
HR_LDSP	UK_EGKK	178104
HR_LDSP	UK_EGLL	49786
HR_LDSP	UK_EGSS	50189
HU_LHBP	AE_OMDB	207802
HU_LHBP	AL_LATI	:
HU_LHBP	AT_LOWW	109963
HU_LHBP	BA_LQSA	:
HU_LHBP	BE_EBBR	20187
HU_LHBP	BE_EBCI	339734
HU_LHBP	BG_LBSF	:
HU_LHBP	CA_CYYZ	:
HU_LHBP	CH_LSGG	110673
HU_LHBP	CH_LSZH	235851
HU_LHBP	CH_LSZM	250544
HU_LHBP	CY_LCLK	:
HU_LHBP	CZ_LKPR	233067
HU_LHBP	DE_EDDB	284145
HU_LHBP	DE_EDDF	7256
HU_LHBP	DE_EDDH	84094
HU_LHBP	DE_EDDK	76598
HU_LHBP	DE_EDDL	152439
HU_LHBP	DE_EDDM	338095
HU_LHBP	DE_EDDN	105048
HU_LHBP	DE_EDDS	182281
HU_LHBP	DE_EDDT	129481
HU_LHBP	DE_EDLW	80462
HU_LHBP	DK_EKCH	231472
HU_LHBP	EG_HECA	:
HU_LHBP	EG_HEGN	79169
HU_LHBP	EL_LGAT	:
HU_LHBP	EL_LGAV	208527
HU_LHBP	EL_LGIR	:
HU_LHBP	EL_LGKR	:
HU_LHBP	EL_LGTS	:
HU_LHBP	ES_LEBL	380331
HU_LHBP	ES_LEMD	299208
HU_LHBP	ES_LEMG	84793
HU_LHBP	FI_EFHK	229137
HU_LHBP	FR_LFOB	:
HU_LHBP	FR_LFPG	487029
HU_LHBP	FR_LFPO	:
HU_LHBP	HR_LDZA	:
HU_LHBP	IE_EIDW	25755
HU_LHBP	IL_LLBG	509371
HU_LHBP	IT_LIBD	118953
HU_LHBP	IT_LIMC	243221
HU_LHBP	IT_LIME	20109
HU_LHBP	IT_LIRA	163932
HU_LHBP	IT_LIRF	286987
HU_LHBP	IT_LIRN	109345
HU_LHBP	LB_OLBA	:
HU_LHBP	MD_LUKK	:
HU_LHBP	MT_LMML	93578
HU_LHBP	NL_EHAM	454181
HU_LHBP	NL_EHEH	29599
HU_LHBP	NL_EHRD	:
HU_LHBP	NO_ENGM	211433
HU_LHBP	NO_ENOS	:
HU_LHBP	PL_EPWA	313642
HU_LHBP	PT_LPPT	184409
HU_LHBP	QA_OTBD	:
HU_LHBP	QA_OTHH	207068
HU_LHBP	RO_LROP	97184
HU_LHBP	RU_ULLI	82381
HU_LHBP	RU_UUEE	263815
HU_LHBP	RU_UUWW	156946
HU_LHBP	SE_ESGP	:
HU_LHBP	SE_ESKN	120382
HU_LHBP	SE_ESMS	:
HU_LHBP	SE_ESSA	101411
HU_LHBP	SY_OSDI	:
HU_LHBP	TN_DTMB	:
HU_LHBP	TR_LTAI	120473
HU_LHBP	TR_LTBA	:
HU_LHBP	TR_LTFJ	108005
HU_LHBP	TR_LTFM	21413
HU_LHBP	UA_UKBB	96093
HU_LHBP	UA_UKKK	82879
HU_LHBP	UK_EGCC	199419
HU_LHBP	UK_EGGD	:
HU_LHBP	UK_EGGW	568081
HU_LHBP	UK_EGKK	305005
HU_LHBP	UK_EGLL	371288
HU_LHBP	UK_EGNX	75399
HU_LHBP	UK_EGPH	102122
HU_LHBP	UK_EGSS	440792
HU_LHBP	US_KJFK	:
HU_LHBP	ZZ_ZZZZ	:
HU_LHDC	CH_LSZM	28759
HU_LHDC	CY_LCLK	2337
HU_LHDC	DE_EDDM	23747
HU_LHDC	DE_EDLW	38234
HU_LHDC	ES_LEBL	33801
HU_LHDC	FR_LFOB	44154
HU_LHDC	IL_LLBG	44671
HU_LHDC	IT_LIMC	30562
HU_LHDC	IT_LIME	:
HU_LHDC	MT_LMML	21439
HU_LHDC	NL_EHEH	48743
HU_LHDC	RU_UUWW	31659
HU_LHDC	SE_ESMS	:
HU_LHDC	UK_EGCN	32703
HU_LHDC	UK_EGGW	154819
IT_LIRF	AE_OMAA	382887
IT_LIRF	AE_OMDB	579596
IT_LIRF	AL_LATI	336983
IT_LIRF	AR_SAEZ	359229
IT_LIRF	AT_LOWW	556034
IT_LIRF	AU_AMML	:
IT_LIRF	AU_AS90	:
IT_LIRF	AU_ASSY	:
IT_LIRF	BE_EBBR	719036
IT_LIRF	BG_LBSF	12777
IT_LIRF	BR_SBGL	168298
IT_LIRF	BR_SBGR	444357
IT_LIRF	CA_CYMX	:
IT_LIRF	CA_CYUL	226622
IT_LIRF	CA_CYYZ	360274
IT_LIRF	CH_LSGG	337918
IT_LIRF	CH_LSZH	406749
IT_LIRF	CL_SCEL	121719
IT_LIRF	CN_ZBAA	20432
IT_LIRF	CN_ZSPD	154999
IT_LIRF	CU_MUHA	:
IT_LIRF	CZ_LKPR	290469
IT_LIRF	DE_EDDB	:
IT_LIRF	DE_EDDF	692564
IT_LIRF	DE_EDDH	85224
IT_LIRF	DE_EDDK	85619
IT_LIRF	DE_EDDL	217343
IT_LIRF	DE_EDDM	718525
IT_LIRF	DE_EDDN	:
IT_LIRF	DE_EDDS	8977
IT_LIRF	DE_EDDT	313888
IT_LIRF	DK_EK90	:
IT_LIRF	DK_EKCH	289675
IT_LIRF	DZ_DAAG	121709
IT_LIRF	EG_HE01	:
IT_LIRF	EG_HECA	284815
IT_LIRF	EG_HESH	79997
IT_LIRF	EL_LGAT	:
IT_LIRF	EL_LGAV	596959
IT_LIRF	EL_LGRP	:
IT_LIRF	EL_LGSR	90311
IT_LIRF	EL_LGTS	:
IT_LIRF	ES_LEAL	10577
IT_LIRF	ES_LEBL	1395472
IT_LIRF	ES_LEIB	175602
IT_LIRF	ES_LEMD	1267613
IT_LIRF	ES_LEMG	293109
IT_LIRF	ES_LEPA	:
IT_LIRF	ES_LEVC	228401
IT_LIRF	ES_LEZL	12997
IT_LIRF	ET_HAAB	169067
IT_LIRF	FI_EFHK	271431
IT_LIRF	FR_LFBO	152116
IT_LIRF	FR_LFLL	235859
IT_LIRF	FR_LFML	182423
IT_LIRF	FR_LFMN	304627
IT_LIRF	FR_LFPG	1310280
IT_LIRF	FR_LFPO	728133
IT_LIRF	FR_LFRS	98592
IT_LIRF	FR_LFSB	10879
IT_LIRF	HK_VHHH	143419
IT_LIRF	HR_LDSP	:
IT_LIRF	HU_LHBP	287912
IT_LIRF	IE_EIDW	199115
IT_LIRF	IL_LLBG	812185
IT_LIRF	IN_VIDP	231824
IT_LIRF	IR_OIIE	:
IT_LIRF	IR_OIII	:
IT_LIRF	IT_LIBC	:
IT_LIRF	IT_LIBD	765162
IT_LIRF	IT_LIBR	525571
IT_LIRF	IT_LICA	422633
IT_LIRF	IT_LICB	:
IT_LIRF	IT_LICC	1824588
IT_LIRF	IT_LICJ	1580694
IT_LIRF	IT_LICR	204406
IT_LIRF	IT_LICT	:
IT_LIRF	IT_LICZ	:
IT_LIRF	IT_LIEA	32042
IT_LIRF	IT_LIEE	904324
IT_LIRF	IT_LIEO	310463
IT_LIRF	IT_LIME	:
IT_LIRF	IT_LIMF	489234
IT_LIRF	IT_LIMJ	343764
IT_LIRF	IT_LIML	771471
IT_LIRF	IT_LIPE	290635
IT_LIRF	IT_LIPN	:
IT_LIRF	IT_LIPQ	265586
IT_LIRF	IT_LIPX	224987
IT_LIRF	IT_LIPY	:
IT_LIRF	IT_LIPZ	447145
IT_LIRF	IT_LIRN	312172
IT_LIRF	IT_LIRP	165363
IT_LIRF	IT_LIRQ	265055
IT_LIRF	IT_LIVT	:
IT_LIRF	JO_OJAI	96026
IT_LIRF	JP_RJAA	197544
IT_LIRF	JP_RJBB	:
IT_LIRF	KE_HKMO	:
IT_LIRF	KR_RKSI	43137
IT_LIRF	KR_RKSS	:
IT_LIRF	KW_OKBK	:
IT_LIRF	LB_OLBA	170867
IT_LIRF	LK_VCBI	:
IT_LIRF	LV_EVRA	:
IT_LIRF	LY_HLLT	:
IT_LIRF	MA_GMMN	171398
IT_LIRF	MT_LMML	393544
IT_LIRF	MV_VRMM	78781
IT_LIRF	MX_MMMX	94257
IT_LIRF	MY_WMKK	:
IT_LIRF	NG_DNMM	:
IT_LIRF	NL_EHAM	1047745
IT_LIRF	NL_EHRD	:
IT_LIRF	NO_ENGM	178717
IT_LIRF	PH_RPMM	:
IT_LIRF	PL_EPWA	268532
IT_LIRF	PT_LPPT	460406
IT_LIRF	QA_OT99	:
IT_LIRF	QA_OTBD	:
IT_LIRF	QA_OTHH	415653
IT_LIRF	RO_LRBC	92159
IT_LIRF	RO_LRBS	:
IT_LIRF	RO_LRCL	:
IT_LIRF	RO_LROP	193953
IT_LIRF	RO_LRTR	:
IT_LIRF	RS_LYBE	153726
IT_LIRF	RU_ULLI	170286
IT_LIRF	RU_UUEE	557913
IT_LIRF	SE_ESSA	21573
IT_LIRF	SG_WSSS	:
IT_LIRF	SN_GOOY	:
IT_LIRF	TH_VTBD	80223
IT_LIRF	TH_VTBS	:
IT_LIRF	TN_DTTA	244329
IT_LIRF	TR_LTBA	280167
IT_LIRF	TR_LTFJ	236663
IT_LIRF	TW_RCTP	75802
IT_LIRF	UA_UKBB	167805
IT_LIRF	UK_EGBB	:
IT_LIRF	UK_EGCC	110115
IT_LIRF	UK_EGGD	115444
IT_LIRF	UK_EGGW	93969
IT_LIRF	UK_EGKK	739415
IT_LIRF	UK_EGLL	930374
IT_LIRF	UK_EGSS	:
IT_LIRF	US_KATL	240865
IT_LIRF	US_KBOS	182916
IT_LIRF	US_KCLT	103802
IT_LIRF	US_KCVG	:
IT_LIRF	US_KDCA	:
IT_LIRF	US_KDTW	8828
IT_LIRF	US_KEWR	315861
IT_LIRF	US_KFLL	:
IT_LIRF	US_KIAD	166423
IT_LIRF	US_KJFK	790032
IT_LIRF	US_KLAX	199029
IT_LIRF	US_KMIA	161933
IT_LIRF	US_KORD	211798
IT_LIRF	US_KPHL	158251
IT_LIRF	VE_SVMI	:
IT_LIRF	ZA_FAJS	:
LT_EYKA	BE_EBCI	:
LT_EYKA	DE_EDDB	:
LT_EYKA	DE_EDDF	:
LT_EYKA	DE_EDDW	:
LT_EYKA	DE_EDFH	:
LT_EYKA	DE_EDLV	:
LT_EYKA	DK_EKCH	120238
LT_EYKA	EL_LGKO	:
LT_EYKA	ES_LEAL	59691
LT_EYKA	ES_LEPA	21721
LT_EYKA	FI_EFTP	:
LT_EYKA	FR_LFOB	:
LT_EYKA	IE_EIDW	8208
LT_EYKA	IE_EINN	30484
LT_EYKA	IT_LICT	:
LT_EYKA	IT_LIEE	:
LT_EYKA	IT_LIME	:
LT_EYKA	IT_LIRN	29355
LT_EYKA	LT_EYPA	:
LT_EYKA	LV_EVRA	:
LT_EYKA	MT_LMML	:
LT_EYKA	NL_EHEH	40055
LT_EYKA	NO_ENAL	32561
LT_EYKA	NO_ENBR	35827
LT_EYKA	NO_ENRY	:
LT_EYKA	NO_ENZV	41399
LT_EYKA	PL_EPWA	31308
LT_EYKA	SE_ESGP	:
LT_EYKA	SE_ESKN	:
LT_EYKA	TN_DTMB	:
LT_EYKA	UK_EGBB	:
LT_EYKA	UK_EGGD	37294
LT_EYKA	UK_EGGP	:
LT_EYKA	UK_EGGW	23217
LT_EYKA	UK_EGKK	:
LT_EYKA	UK_EGNM	:
LT_EYKA	UK_EGPH	27862
LT_EYKA	UK_EGSS	79448
LT_EYVI	AT_LOWW	:
LT_EYVI	BE_EBBR	:
LT_EYVI	BE_EBCI	:
LT_EYVI	CZ_LKPR	:
LT_EYVI	DE_EDDB	:
LT_EYVI	DE_EDDF	22696
LT_EYVI	DE_EDDM	:
LT_EYVI	DE_EDDT	:
LT_EYVI	DE_EDDW	:
LT_EYVI	DE_EDFH	:
LT_EYVI	DE_EDLW	:
LT_EYVI	DE_EDSB	:
LT_EYVI	DK_EKCH	119115
LT_EYVI	EE_EETN	89913
LT_EYVI	EG_HEGN	:
LT_EYVI	EG_HESH	:
LT_EYVI	EL_LGIR	:
LT_EYVI	ES_LEBL	104774
LT_EYVI	ES_LEMD	:
LT_EYVI	FI_EFHF	:
LT_EYVI	FI_EFHK	123455
LT_EYVI	FR_LFOB	92441
LT_EYVI	FR_LFPG	:
LT_EYVI	IE_EICK	:
LT_EYVI	IE_EIDW	:
LT_EYVI	IL_LLBG	:
LT_EYVI	IT_LIMC	85334
LT_EYVI	IT_LIME	93935
LT_EYVI	IT_LIRA	:
LT_EYVI	IT_LIRF	:
LT_EYVI	LV_EVRA	229414
LT_EYVI	NL_EHAM	:
LT_EYVI	NL_EHEH	:
LT_EYVI	NO_ENGM	175125
LT_EYVI	NO_ENRY	:
LT_EYVI	NO_ENTO	92783
LT_EYVI	NO_ENZV	:
LT_EYVI	PL_EPWA	233205
LT_EYVI	RU_UUEE	158937
LT_EYVI	RU_UUWW	:
LT_EYVI	SE_ESSA	158932
LT_EYVI	TN_DTMB	:
LT_EYVI	TR_LTAI	28104
LT_EYVI	TR_LTBA	99308
LT_EYVI	UA_UKBB	242377
LT_EYVI	UK_EGCN	:
LT_EYVI	UK_EGGP	:
LT_EYVI	UK_EGGW	298931
LT_EYVI	UK_EGKK	:
LT_EYVI	UK_EGSS	126242
LT_EYVI	ZZ_ZZZZ	:
LU_ELLX	AT_LOWW	123999
LU_ELLX	BE_EBBR	:
LU_ELLX	CH_LSGG	54115
LU_ELLX	CH_LSZH	126236
LU_ELLX	DE_EDDF	2023
LU_ELLX	DE_EDDH	:
LU_ELLX	DE_EDDI	:
LU_ELLX	DE_EDDM	216312
LU_ELLX	DE_EDDR	:
LU_ELLX	DE_EDDT	110714
LU_ELLX	DK_EKCH	80001
LU_ELLX	EG_HEGN	:
LU_ELLX	EL_LGIR	:
LU_ELLX	ES_GCFV	:
LU_ELLX	ES_GCLP	:
LU_ELLX	ES_GCRR	:
LU_ELLX	ES_GCTS	:
LU_ELLX	ES_LEBL	11274
LU_ELLX	ES_LEMD	124509
LU_ELLX	ES_LEMG	53691
LU_ELLX	ES_LEPA	115561
LU_ELLX	FR_LF90	:
LU_ELLX	FR_LFMN	92681
LU_ELLX	FR_LFPG	149374
LU_ELLX	FR_LFST	:
LU_ELLX	IS_BIKF	:
LU_ELLX	IT_LIMC	163758
LU_ELLX	IT_LIME	63199
LU_ELLX	IT_LIRF	635
LU_ELLX	MA_GMAD	:
LU_ELLX	NL_EHAM	184711
LU_ELLX	PL_EPWA	57699
LU_ELLX	PT_LPPR	339505
LU_ELLX	PT_LPPT	311876
LU_ELLX	SE_ESSA	:
LU_ELLX	TN_DTMB	:
LU_ELLX	TN_DTNH	:
LU_ELLX	TN_DTNZ	:
LU_ELLX	TN_DTTJ	42293
LU_ELLX	TR_LTAI	:
LU_ELLX	TR_LTBA	:
LU_ELLX	UK_EG90	:
LU_ELLX	UK_EGCC	:
LU_ELLX	UK_EGKK	65226
LU_ELLX	UK_EGLC	177012
LU_ELLX	UK_EGLL	180352
LU_ELLX	UK_EGSS	103504
LU_ELLX	US_KEWR	:
LU_ELLX	ZA_FAJS	:
LV_EVRA	AT_LOWW	133926
LV_EVRA	BE_EBBR	99313
LV_EVRA	BE_EBCI	:
LV_EVRA	CH_LSZH	101359
LV_EVRA	CZ_LKPR	10957
LV_EVRA	DE_EDDB	124685
LV_EVRA	DE_EDDF	25393
LV_EVRA	DE_EDDH	:
LV_EVRA	DE_EDDL	:
LV_EVRA	DE_EDDM	123
LV_EVRA	DE_EDDT	167329
LV_EVRA	DE_EDDW	:
LV_EVRA	DE_EDFH	:
LV_EVRA	DE_EDKB	:
LV_EVRA	DE_EDLV	:
LV_EVRA	DK_EKCH	222072
LV_EVRA	EE_EETN	289903
LV_EVRA	EG_HEGN	:
LV_EVRA	ES_LEBL	103642
LV_EVRA	FI_EFHK	333983
LV_EVRA	FI_EFTP	:
LV_EVRA	FI_EFTU	:
LV_EVRA	FR_LFPG	145919
LV_EVRA	GE_UGGG	:
LV_EVRA	IE_EIDW	151332
LV_EVRA	IL_LLBG	:
LV_EVRA	IT_LIMC	:
LV_EVRA	IT_LIME	78669
LV_EVRA	IT_LIML	:
LV_EVRA	IT_LIRF	:
LV_EVRA	LT_EYVI	230261
LV_EVRA	NL_EHAM	161124
LV_EVRA	NO_ENBR	:
LV_EVRA	NO_ENGM	27897
LV_EVRA	NO_ENRY	:
LV_EVRA	PL_EPWA	191713
LV_EVRA	RU_ULLI	194523
LV_EVRA	RU_UUDD	:
LV_EVRA	RU_UUEE	499542
LV_EVRA	RU_UUWW	149659
LV_EVRA	SE_ESKN	:
LV_EVRA	SE_ESSA	260494
LV_EVRA	TR_LTAI	118763
LV_EVRA	TR_LTBA	:
LV_EVRA	UA_UKBB	229481
LV_EVRA	UK_EGCC	:
LV_EVRA	UK_EGGP	:
LV_EVRA	UK_EGGW	197433
LV_EVRA	UK_EGKK	145522
LV_EVRA	UK_EGLL	:
LV_EVRA	UK_EGNX	:
LV_EVRA	UK_EGPK	:
LV_EVRA	UK_EGSS	260653
LV_EVRA	US_KJFK	:
LV_EVRA	UZ_UTTT	:
LV_EVRA	ZZ_ZZZZ	:
MT_LMML	AE_OMDB	76205
MT_LMML	AT_LO99	:
MT_LMML	AT_LOWW	139405
MT_LMML	BE_EBBR	103562
MT_LMML	BE_EBCI	121498
MT_LMML	CH_LSZH	115188
MT_LMML	CY_LCLK	:
MT_LMML	DE_EDDF	356077
MT_LMML	DE_EDDL	:
MT_LMML	DE_EDDM	228218
MT_LMML	DE_EDDT	:
MT_LMML	ES_LEBL	138953
MT_LMML	ES_LEGE	:
MT_LMML	ES_LEMD	106846
MT_LMML	FR_LFML	:
MT_LMML	FR_LFPG	10249
MT_LMML	FR_LFPO	107042
MT_LMML	HU_LHBP	9284
MT_LMML	IE_EIDW	79907
MT_LMML	IL_LLBG	:
MT_LMML	IT_LIBD	:
MT_LMML	IT_LICC	29582
MT_LMML	IT_LICR	:
MT_LMML	IT_LIMC	:
MT_LMML	IT_LIME	122754
MT_LMML	IT_LIML	:
MT_LMML	IT_LIPE	:
MT_LMML	IT_LIPH	:
MT_LMML	IT_LIRF	391755
MT_LMML	IT_LIRP	:
MT_LMML	LY_HLLT	:
MT_LMML	MT_LMMG	:
MT_LMML	NL_EHAM	93961
MT_LMML	RU_UUDD	:
MT_LMML	SE_ESKN	:
MT_LMML	SE_ESSA	:
MT_LMML	TR_LTBA	:
MT_LMML	TR_LTFM	115707
MT_LMML	UK_EGBB	89681
MT_LMML	UK_EGCC	237675
MT_LMML	UK_EGGD	:
MT_LMML	UK_EGGW	114711
MT_LMML	UK_EGKK	395354
MT_LMML	UK_EGLL	199381
MT_LMML	UK_EGNM	:
MT_LMML	UK_EGNT	:
MT_LMML	UK_EGPF	:
MT_LMML	UK_EGPH	:
MT_LMML	UK_EGSS	114747
AT_LOWW	AE_OMAA	:
AT_LOWW	AE_OMDB	415391
AT_LOWW	AL_LATI	186878
AT_LOWW	AM_UDYZ	:
AT_LOWW	AT_LOWG	13163
AT_LOWW	AT_LOWI	204796
AT_LOWW	AT_LOWK	119543
AT_LOWW	AT_LOWL	:
AT_LOWW	AT_LOWS	92347
AT_LOWW	AU_YSSY	:
AT_LOWW	BA_LQBU	:
AT_LOWW	BA_LQSA	159292
AT_LOWW	BE_EBBR	483098
AT_LOWW	BE_EBBS	:
AT_LOWW	BG_LBSF	34725
AT_LOWW	BG_LBWN	125035
AT_LOWW	BY_UMMS	105727
AT_LOWW	CA_CYTZ	:
AT_LOWW	CA_CYYZ	152583
AT_LOWW	CH_LSGG	311617
AT_LOWW	CH_LSZH	941007
AT_LOWW	CH_LSZR	83403
AT_LOWW	CN_ZBAA	147021
AT_LOWW	CN_ZSPD	136528
AT_LOWW	CN_ZSSA	:
AT_LOWW	CY_LCLK	30875
AT_LOWW	CZ_LKPR	180795
AT_LOWW	DE_EDDB	:
AT_LOWW	DE_EDDF	1109793
AT_LOWW	DE_EDDH	720332
AT_LOWW	DE_EDDK	373087
AT_LOWW	DE_EDDL	771175
AT_LOWW	DE_EDDM	535673
AT_LOWW	DE_EDDN	:
AT_LOWW	DE_EDDS	558006
AT_LOWW	DE_EDDT	966659
AT_LOWW	DE_EDDV	226802
AT_LOWW	DE_EDLW	108276
AT_LOWW	DE_EDVV	:
AT_LOWW	DK_EKCH	455797
AT_LOWW	EG_HECA	14721
AT_LOWW	EG_HEGN	119643
AT_LOWW	EL_LGAT	:
AT_LOWW	EL_LGAV	330018
AT_LOWW	EL_LGIR	108605
AT_LOWW	EL_LGTS	159367
AT_LOWW	ES_LEBL	639971
AT_LOWW	ES_LEMD	564332
AT_LOWW	ES_LEMG	174201
AT_LOWW	ES_LEPA	479402
AT_LOWW	ET_HAAB	136963
AT_LOWW	FI_EFHK	194345
AT_LOWW	FR_LFLL	13875
AT_LOWW	FR_LFMN	224219
AT_LOWW	FR_LFPG	944503
AT_LOWW	FR_LFPO	:
AT_LOWW	HK_VHHH	:
AT_LOWW	HR_LDDU	90013
AT_LOWW	HR_LDZA	173171
AT_LOWW	HU_LHBP	114509
AT_LOWW	IE_EIDW	222834
AT_LOWW	IL_LLBG	596989
AT_LOWW	IN_VABB	:
AT_LOWW	IN_VIDP	81383
AT_LOWW	IR_OIIE	114373
AT_LOWW	IT_LIMC	447436
AT_LOWW	IT_LIML	:
AT_LOWW	IT_LIPE	182491
AT_LOWW	IT_LIPV	:
AT_LOWW	IT_LIPZ	181525
AT_LOWW	IT_LIRF	558401
AT_LOWW	IT_LIRN	141845
AT_LOWW	IT_LIRQ	:
AT_LOWW	JO_OJAI	99615
AT_LOWW	JP_RJAA	105207
AT_LOWW	JP_RJOO	:
AT_LOWW	KR_RKSI	87715
AT_LOWW	LU_ELLX	124512
AT_LOWW	LV_EVRA	133874
AT_LOWW	MD_LUKK	77652
AT_LOWW	ME_LYPG	86933
AT_LOWW	MK_LWSK	136072
AT_LOWW	MT_LMML	127038
AT_LOWW	MY_WMKK	:
AT_LOWW	NL_EHAM	943844
AT_LOWW	NL_EHRD	:
AT_LOWW	NO_ENGM	172412
AT_LOWW	PL_EPKK	127053
AT_LOWW	PL_EPWA	386021
AT_LOWW	PT_LPPT	335342
AT_LOWW	QA_OTBD	:
AT_LOWW	QA_OTHH	228502
AT_LOWW	RO_LRBS	:
AT_LOWW	RO_LROP	634044
AT_LOWW	RS_LYBE	212642
AT_LOWW	RU_ULLI	96421
AT_LOWW	RU_UUDD	191289
AT_LOWW	RU_UUEE	350673
AT_LOWW	RU_UUWW	:
AT_LOWW	SE_ESGG	:
AT_LOWW	SE_ESSA	264956
AT_LOWW	SG_WSSS	:
AT_LOWW	SI_LJLJ	:
AT_LOWW	SY_OSDI	:
AT_LOWW	TH_VTBD	:
AT_LOWW	TH_VTBS	428909
AT_LOWW	TN_DTMB	:
AT_LOWW	TR_LTAC	:
AT_LOWW	TR_LTAI	273865
AT_LOWW	TR_LTBA	101667
AT_LOWW	TR_LTFJ	299778
AT_LOWW	TW_RCTP	213712
AT_LOWW	UA_UKBB	398286
AT_LOWW	UK_EGCC	117101
AT_LOWW	UK_EGGG	:
AT_LOWW	UK_EGGW	:
AT_LOWW	UK_EGKK	286155
AT_LOWW	UK_EGLL	83393
AT_LOWW	UK_EGSS	232968
AT_LOWW	US_KATL	:
AT_LOWW	US_KEWR	13417
AT_LOWW	US_KIAD	116269
AT_LOWW	US_KJFK	126844
AT_LOWW	US_KLAX	111709
AT_LOWW	US_KMIA	:
AT_LOWW	US_KORD	163006
AT_LOWW	XK_LYPR	115965
AT_LOWW	ZA_FAJS	:
FI_EFHK	AE_OMDB	133253
FI_EFHK	AT_LOWW	194742
FI_EFHK	BE_EBBR	231497
FI_EFHK	CH_LSGG	102763
FI_EFHK	CH_LSZH	208751
FI_EFHK	CN_ZBAA	177432
FI_EFHK	CN_ZSPD	244101
FI_EFHK	CN_ZUCK	:
FI_EFHK	CY_LCLK	:
FI_EFHK	CZ_LKPR	311563
FI_EFHK	DE_EDDF	527145
FI_EFHK	DE_EDDH	141164
FI_EFHK	DE_EDDL	183371
FI_EFHK	DE_EDDM	589303
FI_EFHK	DE_EDDT	569632
FI_EFHK	DK_EKCH	856155
FI_EFHK	EE_EETN	297634
FI_EFHK	EG_HEGN	:
FI_EFHK	EL_LGIR	:
FI_EFHK	EL_LGKO	:
FI_EFHK	EL_LGRP	134776
FI_EFHK	EL_LGSA	154612
FI_EFHK	ES_GCLP	209834
FI_EFHK	ES_GCRR	:
FI_EFHK	ES_GCTS	177606
FI_EFHK	ES_LEAL	191711
FI_EFHK	ES_LEBL	333315
FI_EFHK	ES_LEMD	146946
FI_EFHK	ES_LEMG	418596
FI_EFHK	ES_LEPA	101872
FI_EFHK	FI_EFIV	176546
FI_EFHK	FI_EFJO	113567
FI_EFHK	FI_EFJY	:
FI_EFHK	FI_EFKE	:
FI_EFHK	FI_EFKI	77332
FI_EFHK	FI_EFKK	:
FI_EFHK	FI_EFKS	7893
FI_EFHK	FI_EFKT	221757
FI_EFHK	FI_EFKU	205941
FI_EFHK	FI_EFLP	:
FI_EFHK	FI_EFMA	:
FI_EFHK	FI_EFOU	956641
FI_EFHK	FI_EFPO	:
FI_EFHK	FI_EFRO	543716
FI_EFHK	FI_EFTP	87882
FI_EFHK	FI_EFTU	110784
FI_EFHK	FI_EFVA	166776
FI_EFHK	FR_LFMN	102438
FI_EFHK	FR_LFPG	492521
FI_EFHK	HK_VHHH	351921
FI_EFHK	HR_LDSP	104207
FI_EFHK	HU_LHBP	229666
FI_EFHK	IE_EIDW	107665
FI_EFHK	IN_VABB	:
FI_EFHK	IN_VIDP	131907
FI_EFHK	IS_BIKF	228765
FI_EFHK	IT_LIMC	212353
FI_EFHK	IT_LIRF	27217
FI_EFHK	JP_RJAA	43827
FI_EFHK	JP_RJBB	223869
FI_EFHK	JP_RJGG	145904
FI_EFHK	KR_RKSI	214982
FI_EFHK	LT_EYVI	124127
FI_EFHK	LV_EVRA	333929
FI_EFHK	NL_EHAM	706295
FI_EFHK	NO_ENFB	:
FI_EFHK	NO_ENGM	518588
FI_EFHK	PL_EPWA	14339
FI_EFHK	PT_LPFR	:
FI_EFHK	PT_LPMA	:
FI_EFHK	PT_LPPT	205838
FI_EFHK	QA_OTHH	233846
FI_EFHK	RU_ULLI	210179
FI_EFHK	RU_UUEE	336768
FI_EFHK	SE_ESGG	236852
FI_EFHK	SE_ESSA	1256798
FI_EFHK	SE_ESSB	136459
FI_EFHK	SG_WSSS	196941
FI_EFHK	TH_VTBD	:
FI_EFHK	TH_VTBS	359914
FI_EFHK	TH_VTSP	:
FI_EFHK	TR_LTAI	8113
FI_EFHK	TR_LTBA	:
FI_EFHK	TR_LTBS	:
FI_EFHK	UK_EGCC	17154
FI_EFHK	UK_EGKK	229185
FI_EFHK	UK_EGLL	81791
FI_EFHK	UK_EGSS	:
FI_EFHK	US_KJFK	180126
NL_EHAM	AE_OMAA	342885
NL_EHAM	AE_OMDB	1013503
NL_EHAM	AN_TNCB	77431
NL_EHAM	AN_TNCC	48815
NL_EHAM	AN_TNCM	:
NL_EHAM	AR_SAEZ	101185
NL_EHAM	AT_LOWI	78529
NL_EHAM	AT_LOWW	945585
NL_EHAM	AU_YSSY	:
NL_EHAM	AW_TNCA	231354
NL_EHAM	BE_EBBR	281103
NL_EHAM	BG_LBBG	:
NL_EHAM	BG_LBSF	135726
NL_EHAM	BH_OBBI	:
NL_EHAM	BR_SBGL	195837
NL_EHAM	BR_SBGR	254558
NL_EHAM	CA_CYEG	95158
NL_EHAM	CA_CYMX	:
NL_EHAM	CA_CYUL	149734
NL_EHAM	CA_CYVR	21842
NL_EHAM	CA_CYYC	215596
NL_EHAM	CA_CYYZ	59415
NL_EHAM	CH_LSGG	707873
NL_EHAM	CH_LSZH	978768
NL_EHAM	CH_LSZM	447402
NL_EHAM	CL_SCEL	104805
NL_EHAM	CN_ZBAA	391316
NL_EHAM	CN_ZGGG	185354
NL_EHAM	CN_ZSAM	130095
NL_EHAM	CN_ZSHC	:
NL_EHAM	CN_ZSPD	450761
NL_EHAM	CN_ZSSS	:
NL_EHAM	CN_ZUUU	96672
NL_EHAM	CO_SKBO	140856
NL_EHAM	CR_MROC	:
NL_EHAM	CU_MUHA	97678
NL_EHAM	CV_GVAC	:
NL_EHAM	CY_LCLK	:
NL_EHAM	CZ_LKPR	758629
NL_EHAM	DE_EDDB	31732
NL_EHAM	DE_EDDF	882532
NL_EHAM	DE_EDDG	:
NL_EHAM	DE_EDDH	477238
NL_EHAM	DE_EDDK	:
NL_EHAM	DE_EDDL	257004
NL_EHAM	DE_EDDM	971192
NL_EHAM	DE_EDDN	198424
NL_EHAM	DE_EDDS	345419
NL_EHAM	DE_EDDT	687425
NL_EHAM	DE_EDDV	202215
NL_EHAM	DE_EDDW	172038
NL_EHAM	DE_EDLP	:
NL_EHAM	DE_EDVV	:
NL_EHAM	DK_EKBI	4093
NL_EHAM	DK_EKCH	1110487
NL_EHAM	DK_EKYT	234893
NL_EHAM	DO_MDPC	:
NL_EHAM	EC_SEGU	:
NL_EHAM	EC_SEQU	:
NL_EHAM	EE_EETN	81694
NL_EHAM	EG_HECA	99277
NL_EHAM	EG_HEGN	129167
NL_EHAM	EG_HEMA	83244
NL_EHAM	EG_HESH	:
NL_EHAM	EL_LGAT	:
NL_EHAM	EL_LGAV	501198
NL_EHAM	EL_LGIR	226626
NL_EHAM	EL_LGKO	154928
NL_EHAM	EL_LGKR	79277
NL_EHAM	EL_LGRP	112287
NL_EHAM	EL_LGTS	125647
NL_EHAM	EL_LGZA	125952
NL_EHAM	ES_GCFV	11967
NL_EHAM	ES_GCLP	288412
NL_EHAM	ES_GCRR	118236
NL_EHAM	ES_GCTS	225779
NL_EHAM	ES_LEAL	436604
NL_EHAM	ES_LEBB	24213
NL_EHAM	ES_LEBL	1382746
NL_EHAM	ES_LEGE	:
NL_EHAM	ES_LEIB	296575
NL_EHAM	ES_LEMD	1140173
NL_EHAM	ES_LEMG	656379
NL_EHAM	ES_LEPA	295455
NL_EHAM	ES_LESJ	:
NL_EHAM	ES_LEVC	375055
NL_EHAM	ES_LEZL	149697
NL_EHAM	FI_EFHF	:
NL_EHAM	FI_EFHK	707614
NL_EHAM	FR_LFBD	300078
NL_EHAM	FR_LFBO	256708
NL_EHAM	FR_LFLL	323987
NL_EHAM	FR_LFML	298167
NL_EHAM	FR_LFMN	479882
NL_EHAM	FR_LFPG	1239837
NL_EHAM	FR_LFPO	148214
NL_EHAM	FR_LFRS	19314
NL_EHAM	FR_LFSB	:
NL_EHAM	FR_LFST	93793
NL_EHAM	GH_DGAA	250915
NL_EHAM	HK_VHHH	424853
NL_EHAM	HR_LDZA	15757
NL_EHAM	HU_LHBP	45446
NL_EHAM	ID_WADD	143003
NL_EHAM	ID_WIII	242918
NL_EHAM	ID_WRRR	:
NL_EHAM	IE_EICK	157079
NL_EHAM	IE_EIDW	1212683
NL_EHAM	IL_LLBG	605466
NL_EHAM	IN_VABB	180116
NL_EHAM	IN_VIDP	291296
NL_EHAM	IN_VOHY	:
NL_EHAM	IR_OIIE	:
NL_EHAM	IR_OIII	:
NL_EHAM	IS_BIKF	293112
NL_EHAM	IT_LIBD	100494
NL_EHAM	IT_LICC	170055
NL_EHAM	IT_LIMC	923721
NL_EHAM	IT_LIME	:
NL_EHAM	IT_LIMF	112742
NL_EHAM	IT_LIML	285261
NL_EHAM	IT_LIPE	228063
NL_EHAM	IT_LIPZ	413913
NL_EHAM	IT_LIRF	1048831
NL_EHAM	IT_LIRN	262886
NL_EHAM	IT_LIRP	123204
NL_EHAM	IT_LIRQ	270502
NL_EHAM	JO_OJAI	:
NL_EHAM	JP_RJAA	301404
NL_EHAM	JP_RJBB	204298
NL_EHAM	JP_RJCC	:
NL_EHAM	JP_RJFF	:
NL_EHAM	KE_HKJK	412671
NL_EHAM	KE_HKNA	:
NL_EHAM	KR_RK99	:
NL_EHAM	KR_RKSI	296494
NL_EHAM	KR_RKSS	:
NL_EHAM	KW_OKBK	:
NL_EHAM	KZ_UAAA	:
NL_EHAM	LB_OLBA	:
NL_EHAM	LK_VCBI	:
NL_EHAM	LT_EYVI	:
NL_EHAM	LU_ELLX	185681
NL_EHAM	LV_EVRA	161059
NL_EHAM	MA_GMMN	132723
NL_EHAM	MA_GMMW	:
NL_EHAM	MA_GMMX	136389
NL_EHAM	MA_GMTT	75644
NL_EHAM	MT_LMML	94583
NL_EHAM	MX_MMMX	348241
NL_EHAM	MX_MMUN	:
NL_EHAM	MY_WMKK	125937
NL_EHAM	NG_DNMM	18429
NL_EHAM	NL_EHBK	:
NL_EHAM	NL_EHEH	:
NL_EHAM	NO_ENAL	89038
NL_EHAM	NO_ENBR	368348
NL_EHAM	NO_ENCA	:
NL_EHAM	NO_ENCN	133723
NL_EHAM	NO_ENFB	:
NL_EHAM	NO_ENGM	723482
NL_EHAM	NO_ENTO	108892
NL_EHAM	NO_ENTR	:
NL_EHAM	NO_ENVA	155109
NL_EHAM	NO_ENZV	297152
NL_EHAM	OM_OOMS	:
NL_EHAM	PA_MPTO	240531
NL_EHAM	PE_SPIM	:
NL_EHAM	PE_SPJC	26785
NL_EHAM	PH_RPLL	11833
NL_EHAM	PH_RPMM	:
NL_EHAM	PL_EPKK	211139
NL_EHAM	PL_EPWA	51202
NL_EHAM	PT_LPFR	245616
NL_EHAM	PT_LPMA	84813
NL_EHAM	PT_LPPR	343529
NL_EHAM	PT_LPPT	928478
NL_EHAM	QA_OTBD	:
NL_EHAM	QA_OTHH	220144
NL_EHAM	RO_LROP	480825
NL_EHAM	RS_LYBE	176453
NL_EHAM	RU_ULLI	164215
NL_EHAM	RU_UUEE	613052
NL_EHAM	RW_HRYR	180627
NL_EHAM	SA_OEDF	:
NL_EHAM	SE_ESGG	364256
NL_EHAM	SE_ESMS	:
NL_EHAM	SE_ESSA	863475
NL_EHAM	SE_ESSL	142699
NL_EHAM	SG_WSSS	309725
NL_EHAM	SI_LJLJ	83848
NL_EHAM	SR_SMJP	290426
NL_EHAM	SY_OSDI	:
NL_EHAM	TH_VTBD	:
NL_EHAM	TH_VTBS	328501
NL_EHAM	TN_DTMB	:
NL_EHAM	TN_DTNZ	:
NL_EHAM	TR_LTAC	:
NL_EHAM	TR_LTAI	429265
NL_EHAM	TR_LTBA	14539
NL_EHAM	TR_LTBJ	126307
NL_EHAM	TR_LTBS	89934
NL_EHAM	TR_LTFE	97817
NL_EHAM	TR_LTFG	:
NL_EHAM	TR_LTFJ	441376
NL_EHAM	TW_RCTP	280361
NL_EHAM	TZ_HTDA	:
NL_EHAM	TZ_HTKJ	145301
NL_EHAM	UA_UKBB	232858
NL_EHAM	UG_HUEN	:
NL_EHAM	UK_EGAA	130098
NL_EHAM	UK_EGBB	70451
NL_EHAM	UK_EGBE	:
NL_EHAM	UK_EGCC	1069549
NL_EHAM	UK_EGFF	162079
NL_EHAM	UK_EGGD	457727
NL_EHAM	UK_EGGP	24065
NL_EHAM	UK_EGGW	846434
NL_EHAM	UK_EGHI	178062
NL_EHAM	UK_EGKK	1096874
NL_EHAM	UK_EGLC	669508
NL_EHAM	UK_EGLL	1747789
NL_EHAM	UK_EGMC	202574
NL_EHAM	UK_EGNJ	135186
NL_EHAM	UK_EGNM	266731
NL_EHAM	UK_EGNT	364167
NL_EHAM	UK_EGNV	118134
NL_EHAM	UK_EGNX	:
NL_EHAM	UK_EGPD	320179
NL_EHAM	UK_EGPE	99462
NL_EHAM	UK_EGPF	440337
NL_EHAM	UK_EGPH	67919
NL_EHAM	UK_EGSH	16651
NL_EHAM	UK_EGSS	363903
NL_EHAM	US_KATL	808734
NL_EHAM	US_KBOS	335489
NL_EHAM	US_KCVG	:
NL_EHAM	US_KDFW	:
NL_EHAM	US_KDTW	628355
NL_EHAM	US_KEWR	156174
NL_EHAM	US_KIAD	314739
NL_EHAM	US_KIAH	335894
NL_EHAM	US_KJFK	1020570
NL_EHAM	US_KLAX	392143
NL_EHAM	US_KMEM	:
NL_EHAM	US_KMIA	:
NL_EHAM	US_KMSP	566998
NL_EHAM	US_KORD	28925
NL_EHAM	US_KORL	:
NL_EHAM	US_KPDX	156863
NL_EHAM	US_KPHL	117892
NL_EHAM	US_KSEA	269036
NL_EHAM	US_KSFO	407537
NL_EHAM	US_KSLC	18597
NL_EHAM	VE_SVMG	:
NL_EHAM	VE_SVMI	:
NL_EHAM	ZA_FACT	261109
NL_EHAM	ZA_FAJS	:
NL_EHAM	ZA_FAOR	238038
PL_EPWA	AE_OMDB	236102
PL_EPWA	AT_LOWW	386312
PL_EPWA	BE_EBBR	326433
PL_EPWA	BE_EBCI	136665
PL_EPWA	BG_LBBG	96422
PL_EPWA	BG_LBSF	10667
PL_EPWA	BY_UMMS	135378
PL_EPWA	CA_CYYZ	244765
PL_EPWA	CH_LSGG	137449
PL_EPWA	CH_LSZH	316866
PL_EPWA	CN_ZBAA	140045
PL_EPWA	CY_LCLK	133109
PL_EPWA	CZ_LKPR	245962
PL_EPWA	DE_EDDF	522589
PL_EPWA	DE_EDDH	115416
PL_EPWA	DE_EDDK	:
PL_EPWA	DE_EDDL	202788
PL_EPWA	DE_EDDM	380694
PL_EPWA	DE_EDDT	182982
PL_EPWA	DK_EKCH	299786
PL_EPWA	EE_EETN	191014
PL_EPWA	EG_HEGN	12358
PL_EPWA	EG_HESH	95924
PL_EPWA	EL_LGAV	101956
PL_EPWA	EL_LGIR	135136
PL_EPWA	EL_LGRP	144212
PL_EPWA	ES_LEBL	212273
PL_EPWA	ES_LEMD	107479
PL_EPWA	ES_LEMG	138084
PL_EPWA	FI_EFHK	143269
PL_EPWA	FR_LFOB	:
PL_EPWA	FR_LFPG	555449
PL_EPWA	HU_LHBP	313538
PL_EPWA	IE_EIDW	:
PL_EPWA	IL_LLBG	460466
PL_EPWA	IT_LIMC	150728
PL_EPWA	IT_LIME	14391
PL_EPWA	IT_LIRF	268865
PL_EPWA	KR_RKSI	128375
PL_EPWA	LT_EYVI	233994
PL_EPWA	LV_EVRA	191708
PL_EPWA	NL_EHAM	512178
PL_EPWA	NO_ENFB	:
PL_EPWA	NO_ENGM	23048
PL_EPWA	NO_ENTO	111122
PL_EPWA	PL_EPGD	28089
PL_EPWA	PL_EPKK	386464
PL_EPWA	PL_EPKT	149811
PL_EPWA	PL_EPPO	20038
PL_EPWA	PL_EPRZ	218635
PL_EPWA	PL_EPSC	141741
PL_EPWA	PL_EPWR	294047
PL_EPWA	PT_LPPT	146119
PL_EPWA	QA_OTBD	:
PL_EPWA	QA_OTHH	275749
PL_EPWA	RO_LROP	227848
PL_EPWA	RU_UUEE	332871
PL_EPWA	SE_ESKN	98723
PL_EPWA	SE_ESSA	138554
PL_EPWA	TN_DTMB	:
PL_EPWA	TR_LTAI	267421
PL_EPWA	TR_LTBA	87508
PL_EPWA	UA_UKBB	325653
PL_EPWA	UA_UKLL	161769
PL_EPWA	UK_EGGP	111416
PL_EPWA	UK_EGGW	47968
PL_EPWA	UK_EGKK	:
PL_EPWA	UK_EGLL	45344
PL_EPWA	UK_EGSS	:
PL_EPWA	US_KEWR	87522
PL_EPWA	US_KJFK	195358
PL_EPWA	US_KORD	21683
PT_LPPT	AE_OMDB	377117
PT_LPPT	AO_FNAN	:
PT_LPPT	AO_FNBG	121405
PT_LPPT	AO_FNLU	395942
PT_LPPT	AT_LOWW	33607
PT_LPPT	BE_EBBR	773268
PT_LPPT	BR_SBCF	145978
PT_LPPT	BR_SBGL	245245
PT_LPPT	BR_SBGR	668343
PT_LPPT	BR_SBKP	284441
PT_LPPT	BR_SBRE	146537
PT_LPPT	BR_SBRF	:
PT_LPPT	BR_SBWJ	:
PT_LPPT	BR_SBWP	:
PT_LPPT	BR_SBWR	101137
PT_LPPT	BR_SBWZ	105137
PT_LPPT	BR_SBXS	112811
PT_LPPT	BR_SBXT	:
PT_LPPT	CA_CYYZ	354461
PT_LPPT	CH_LSGG	628482
PT_LPPT	CH_LSSW	:
PT_LPPT	CH_LSZH	489921
PT_LPPT	CV_GVAC	:
PT_LPPT	CV_GVNP	182899
PT_LPPT	CV_GVPR	:
PT_LPPT	CV_GVSC	154827
PT_LPPT	CZ_LKAA	106579
PT_LPPT	DE_EDDB	187545
PT_LPPT	DE_EDDD	:
PT_LPPT	DE_EDDF	85765
PT_LPPT	DE_EDDH	236097
PT_LPPT	DE_EDDK	178242
PT_LPPT	DE_EDDL	214831
PT_LPPT	DE_EDDM	502334
PT_LPPT	DE_EDDS	174635
PT_LPPT	DE_EDDT	188648
PT_LPPT	DE_EDMU	:
PT_LPPT	DE_EDSO	:
PT_LPPT	DE_ETBS	:
PT_LPPT	DK_EKCH	214731
PT_LPPT	EL_LGAT	:
PT_LPPT	ES_LEBB	127814
PT_LPPT	ES_LEBL	1007488
PT_LPPT	ES_LEMD	1558577
PT_LPPT	ES_LEMG	106424
PT_LPPT	ES_LEPA	:
PT_LPPT	ES_LEPM	:
PT_LPPT	ES_LEVC	192808
PT_LPPT	ES_LEZL	140387
PT_LPPT	FI_EFHK	206441
PT_LPPT	FR_LFBB	:
PT_LPPT	FR_LFBD	245986
PT_LPPT	FR_LFBO	238745
PT_LPPT	FR_LFLL	339074
PT_LPPT	FR_LFML	238172
PT_LPPT	FR_LFMN	165595
PT_LPPT	FR_LFOB	121107
PT_LPPT	FR_LFPG	692823
PT_LPPT	FR_LFPO	1304109
PT_LPPT	FR_LFRS	241005
PT_LPPT	FR_LFSB	:
PT_LPPT	HU_LHBP	18452
PT_LPPT	HU_LHCC	:
PT_LPPT	IE_EIDW	486775
PT_LPPT	IT_LIMC	44984
PT_LPPT	IT_LIME	149001
PT_LPPT	IT_LIML	:
PT_LPPT	IT_LIPE	155507
PT_LPPT	IT_LIPZ	148888
PT_LPPT	IT_LIRA	256956
PT_LPPT	IT_LIRF	460409
PT_LPPT	IT_LIRU	:
PT_LPPT	LU_ELLX	316845
PT_LPPT	MA_GMMN	201026
PT_LPPT	MA_GMMX	159379
PT_LPPT	MZ_FQMA	76064
PT_LPPT	NL_EHAA	:
PT_LPPT	NL_EHAM	927687
PT_LPPT	NL_EHEH	195638
PT_LPPT	NO_ENGM	134644
PT_LPPT	PL_EPWA	14619
PT_LPPT	PT_LPFR	291614
PT_LPPT	PT_LPFU	:
PT_LPPT	PT_LPHR	89607
PT_LPPT	PT_LPLA	271868
PT_LPPT	PT_LPMA	1010472
PT_LPPT	PT_LPPD	739607
PT_LPPT	PT_LPPR	1007004
PT_LPPT	RO_LROP	84299
PT_LPPT	SE_ESSA	20116
PT_LPPT	SN_GOOO	:
PT_LPPT	TR_LTBA	99786
PT_LPPT	UK_EGCC	333312
PT_LPPT	UK_EGGA	:
PT_LPPT	UK_EGGG	:
PT_LPPT	UK_EGGW	414014
PT_LPPT	UK_EGKK	375813
PT_LPPT	UK_EGLL	943046
PT_LPPT	UK_EGSS	465622
PT_LPPT	US_KBOS	202401
PT_LPPT	US_KEWR	317179
PT_LPPT	US_KJFK	271232
PT_LPPT	US_KZMA	137545
PT_LPPT	VE_SVBC	:
PT_LPPT	VE_SVMI	:
PT_LPPT	ZA_FAJB	:
PT_LPPT	ZA_FAJS	:
RO_LROP	AE_OMDB	153831
RO_LROP	AT_LOWW	632118
RO_LROP	BE_EBBR	18102
RO_LROP	BE_EBBS	:
RO_LROP	BE_EBCI	269454
RO_LROP	CH_LSZH	109057
RO_LROP	CL_SCTC	:
RO_LROP	CY_LCLK	154269
RO_LROP	CZ_LKAA	:
RO_LROP	CZ_LKPR	103932
RO_LROP	DE_EDDB	171377
RO_LROP	DE_EDDD	:
RO_LROP	DE_EDDF	38471
RO_LROP	DE_EDDL	:
RO_LROP	DE_EDDM	348044
RO_LROP	DE_EDDT	:
RO_LROP	DE_EDLW	152712
RO_LROP	EL_LGAC	:
RO_LROP	EL_LGAV	331745
RO_LROP	ES_LEBL	332942
RO_LROP	ES_LECL	:
RO_LROP	ES_LECU	:
RO_LROP	ES_LEMD	425684
RO_LROP	ES_LEMG	10721
RO_LROP	ES_LEVC	128243
RO_LROP	FR_LFOB	10847
RO_LROP	FR_LFPG	517858
RO_LROP	HU_LHAA	:
RO_LROP	HU_LHBP	97052
RO_LROP	IE_EIDB	:
RO_LROP	IE_EIDW	143014
RO_LROP	IL_LLBG	617125
RO_LROP	IT_LIBD	104455
RO_LROP	IT_LICC	124519
RO_LROP	IT_LIJJ	:
RO_LROP	IT_LIMC	129056
RO_LROP	IT_LIME	36553
RO_LROP	IT_LIML	:
RO_LROP	IT_LIMM	:
RO_LROP	IT_LIPE	221945
RO_LROP	IT_LIPH	179443
RO_LROP	IT_LIPN	:
RO_LROP	IT_LIPV	:
RO_LROP	IT_LIRA	416838
RO_LROP	IT_LIRF	193412
RO_LROP	IT_LIRN	82759
RO_LROP	MD_LUKK	9898
RO_LROP	NL_EHAA	:
RO_LROP	NL_EHAM	481013
RO_LROP	PL_EPBC	:
RO_LROP	PL_EPWA	228341
RO_LROP	PT_LPPT	83884
RO_LROP	QA_OTBD	:
RO_LROP	QA_OTHH	162053
RO_LROP	RO_LRCL	410943
RO_LROP	RO_LRIA	265507
RO_LROP	RO_LROD	:
RO_LROP	RO_LRTR	446822
RO_LROP	TR_LTAI	211915
RO_LROP	TR_LTBA	112492
RO_LROP	UK_EGBB	126982
RO_LROP	UK_EGGR	:
RO_LROP	UK_EGGW	674512
RO_LROP	UK_EGKK	149703
RO_LROP	UK_EGLL	267607
RO_LROP	UK_EGSS	257908
RO_LROP	US_KJFK	:
RO_LROP	ZZ_ZZZZ	:
SE_ESSA	AE_OMDB	303038
SE_ESSA	AT_LOWW	265701
SE_ESSA	BE_EBBR	15763
SE_ESSA	CH_LSGG	10794
SE_ESSA	CH_LSZH	401953
SE_ESSA	CN_ZBAA	134521
SE_ESSA	CY_LCLK	124855
SE_ESSA	CZ_LKPR	21828
SE_ESSA	DE_EDDB	165724
SE_ESSA	DE_EDDF	69808
SE_ESSA	DE_EDDH	191561
SE_ESSA	DE_EDDL	223518
SE_ESSA	DE_EDDM	559991
SE_ESSA	DE_EDDT	350728
SE_ESSA	DK_EKCH	1397112
SE_ESSA	EE_EETN	288702
SE_ESSA	EG_HEGN	:
SE_ESSA	EL_LGAT	:
SE_ESSA	EL_LGAV	134251
SE_ESSA	EL_LGIR	:
SE_ESSA	EL_LGRP	136486
SE_ESSA	EL_LGSA	125851
SE_ESSA	ES_GCLP	279082
SE_ESSA	ES_GCTS	120285
SE_ESSA	ES_LEAL	314591
SE_ESSA	ES_LEBL	290143
SE_ESSA	ES_LEMD	204143
SE_ESSA	ES_LEMG	484914
SE_ESSA	ES_LEPA	329821
SE_ESSA	FI_EFHK	1254138
SE_ESSA	FI_EFTP	:
SE_ESSA	FI_EFTU	86382
SE_ESSA	FI_EFVA	90328
SE_ESSA	FR_LFMN	202722
SE_ESSA	FR_LFPG	664226
SE_ESSA	FR_LFPO	:
SE_ESSA	HK_VHHH	:
SE_ESSA	HR_LDSP	135892
SE_ESSA	HU_LHBP	101581
SE_ESSA	IE_EIDW	151256
SE_ESSA	IS_BIKF	19175
SE_ESSA	IT_LIMC	99778
SE_ESSA	IT_LIML	:
SE_ESSA	IT_LIRF	216456
SE_ESSA	LT_EYVI	160113
SE_ESSA	LV_EVRA	260522
SE_ESSA	MY_WMKK	:
SE_ESSA	NL_EHAM	863669
SE_ESSA	NO_ENBR	138005
SE_ESSA	NO_ENFB	:
SE_ESSA	NO_ENGM	1431129
SE_ESSA	PL_EPKK	106195
SE_ESSA	PL_EPWA	138728
SE_ESSA	PT_LPPT	200925
SE_ESSA	QA_OTBD	:
SE_ESSA	QA_OTHH	284627
SE_ESSA	RU_ULLI	:
SE_ESSA	RU_UUEE	141247
SE_ESSA	SE_ESDB	:
SE_ESSA	SE_ESDF	116116
SE_ESSA	SE_ESGG	801022
SE_ESSA	SE_ESGJ	:
SE_ESSA	SE_ESMK	:
SE_ESSA	SE_ESMQ	10439
SE_ESSA	SE_ESMS	557511
SE_ESSA	SE_ESMT	:
SE_ESSA	SE_ESMX	:
SE_ESSA	SE_ESNK	:
SE_ESSA	SE_ESNN	135179
SE_ESSA	SE_ESNO	82776
SE_ESSA	SE_ESNQ	248578
SE_ESSA	SE_ESNS	264951
SE_ESSA	SE_ESNU	702511
SE_ESSA	SE_ESNZ	336458
SE_ESSA	SE_ESOK	:
SE_ESSA	SE_ESPA	1046054
SE_ESSA	SE_ESPC	:
SE_ESSA	SE_ESSD	:
SE_ESSA	SE_ESSQ	:
SE_ESSA	SE_ESSV	150333
SE_ESSA	SE_ESTA	173399
SE_ESSA	TH_VTBD	:
SE_ESSA	TH_VTBS	26381
SE_ESSA	TH_VTSP	:
SE_ESSA	TR_LTAI	161301
SE_ESSA	TR_LTBA	111179
SE_ESSA	TR_LTFJ	176363
SE_ESSA	UA_UKBB	12928
SE_ESSA	UK_EGCC	17028
SE_ESSA	UK_EGKK	436745
SE_ESSA	UK_EGLL	959791
SE_ESSA	UK_EGPH	115509
SE_ESSA	UK_EGSS	:
SE_ESSA	US_KEWR	195236
SE_ESSA	US_KJFK	83385
SE_ESSA	US_KLAX	172498
SE_ESSA	US_KORD	150785
SI_LJLJ	AL_LATI	5239
SI_LJLJ	AT_LOWW	45209
SI_LJLJ	BA_LQSA	21975
SI_LJLJ	BE_EBBR	65379
SI_LJLJ	BE_EBCI	32993
SI_LJLJ	CH_LSZH	83971
SI_LJLJ	CZ_LKPR	:
SI_LJLJ	DE_EDDB	38631
SI_LJLJ	DE_EDDF	127294
SI_LJLJ	DE_EDDM	82034
SI_LJLJ	DK_EKCH	25967
SI_LJLJ	EG_HEGN	27503
SI_LJLJ	FI_EFHK	32939
SI_LJLJ	FR_LFPG	101635
SI_LJLJ	HU_LHBP	:
SI_LJLJ	IL_LLBG	:
SI_LJLJ	ME_LYPG	55964
SI_LJLJ	MK_LWSK	40239
SI_LJLJ	NL_EHAM	95731
SI_LJLJ	PL_EPWA	4601
SI_LJLJ	RS_LYBE	72498
SI_LJLJ	RU_UUEE	75941
SI_LJLJ	TN_DTTJ	:
SI_LJLJ	TR_LTAI	21053
SI_LJLJ	TR_LTBA	:
SI_LJLJ	UK_EGGW	4541
SI_LJLJ	UK_EGKK	61255
SI_LJLJ	UK_EGSS	120288
SI_LJLJ	XK_LYPR	37807
SK_LZIB	AE_OMDB	33405
SK_LZIB	BE_EBBR	:
SK_LZIB	BE_EBCI	6167
SK_LZIB	BG_LBBG	45202
SK_LZIB	BG_LBSF	72416
SK_LZIB	CZ_LKPR	:
SK_LZIB	DE_EDDB	:
SK_LZIB	DE_EDDK	:
SK_LZIB	DE_EDDM	:
SK_LZIB	DE_EDFH	:
SK_LZIB	DK_EKCH	:
SK_LZIB	EG_HEGN	69682
SK_LZIB	EL_LGAV	39253
SK_LZIB	EL_LGIR	28822
SK_LZIB	EL_LGKR	20607
SK_LZIB	EL_LGRP	34237
SK_LZIB	ES_GCLP	:
SK_LZIB	ES_LEAL	:
SK_LZIB	ES_LEBL	:
SK_LZIB	ES_LEGE	28297
SK_LZIB	ES_LEMD	29083
SK_LZIB	ES_LEMG	26139
SK_LZIB	ES_LEPA	26085
SK_LZIB	FR_LFMN	:
SK_LZIB	FR_LFOB	3205
SK_LZIB	FR_LFPO	:
SK_LZIB	FR_LFSB	:
SK_LZIB	IE_EICK	:
SK_LZIB	IE_EIDW	125378
SK_LZIB	IL_LLBG	:
SK_LZIB	IN_VIAR	:
SK_LZIB	IT_LICT	:
SK_LZIB	IT_LIEA	30306
SK_LZIB	IT_LIME	68749
SK_LZIB	IT_LIPE	31886
SK_LZIB	IT_LIRA	52006
SK_LZIB	IT_LIRF	:
SK_LZIB	IT_LIRP	:
SK_LZIB	MK_LWSK	74247
SK_LZIB	NL_EHAM	:
SK_LZIB	PL_EPWA	:
SK_LZIB	RO_LRBS	:
SK_LZIB	RS_LYNI	30732
SK_LZIB	RU_UUEE	:
SK_LZIB	RU_UUWW	90845
SK_LZIB	SE_ESKN	:
SK_LZIB	SK_LZKZ	:
SK_LZIB	TN_DTMB	:
SK_LZIB	TR_LTAI	16298
SK_LZIB	UA_UKKK	67272
SK_LZIB	UK_EGBB	58746
SK_LZIB	UK_EGCC	54573
SK_LZIB	UK_EGGD	:
SK_LZIB	UK_EGGP	:
SK_LZIB	UK_EGGW	112673
SK_LZIB	UK_EGNM	35506
SK_LZIB	UK_EGNX	:
SK_LZIB	UK_EGPH	36624
SK_LZIB	UK_EGSS	194566
SK_LZKZ	AT_LOWW	6936
SK_LZKZ	BG_LBBG	28018
SK_LZKZ	CZ_LKPR	52209
SK_LZKZ	EG_HEGN	:
SK_LZKZ	IE_EIDW	:
SK_LZKZ	IT_LIME	:
SK_LZKZ	PL_EPWA	45701
SK_LZKZ	SK_LZIB	:
SK_LZKZ	TR_LTAI	75441
SK_LZKZ	UA_UKBB	:
SK_LZKZ	UK_EGCN	:
SK_LZKZ	UK_EGGD	:
SK_LZKZ	UK_EGGW	146384
		
